"id","U","L","m","e","alpha","k"
"130_bNAb_Combinations|1313842|cc|1|1|nan|2946",1,0.00138882511222415,0.735520151865247,22.2490946407317,0.216594410454295,0.189334970463526
"130_bNAb_Combinations|1313842|cc|2|1|nan|2946",1,0.00138882511222415,0.735520153323395,22.2490910501471,0.216594410454295,0.189334970463526
"130_bNAb_Combinations|1313842|cc|3|1|nan|2946",1,0.00138882511222415,0.735520207788067,22.2490880714954,0.216594410454295,0.189334970463526
"130_bNAb_Combinations|1313842|cc|4|1|nan|2946",1,0.00138882511222415,0.735520246190738,22.2490924341092,0.216594410454295,0.189334970463526
"130_bNAb_Combinations|1313842|cc|5|1|nan|2946",1,0.00138882511222415,0.735520239238713,22.2490989710099,0.216594410454295,0.189334970463526
"130_bNAb_Combinations|1313842|cc|6|1|nan|2946",1,0.00138882511222415,0.735520099697036,22.2490948299488,0.216594410454295,0.189334970463526
"130_bNAb_Combinations|1313842|cc|7|1|nan|2946",1,0.00138882511222415,0.735520151522505,22.2490957229365,0.216594410454295,0.189334970463526
"130_bNAb_Combinations|1313842|cc|8|1|nan|2946",1,0.00138882511222415,0.735520159835879,22.2491033641844,0.216594410454295,0.189334970463526
"130_bNAb_Combinations|1313842|sample|10|nan|2946",1,0.00138882505386538,1.46504840250701,2.80854650164663,0.216594410454295,0.189334970463526
"130_bNAb_Combinations|1313842|sample|11|nan|2946",1,0.00138882505386538,1.79003308267253,1.58580004522826,0.216594410454295,0.189334970463526
"130_bNAb_Combinations|1313842|sample|12|nan|2946",1,0.00138882505386538,1.56342321367035,2.30093483663689,0.216594410454295,0.189334970463526
"130_bNAb_Combinations|1313842|sample|3|nan|2946",1,0.00138882505386538,1.11210654358058,0.809200897564999,0.216594410454295,0.189334970463526
"130_bNAb_Combinations|1313842|sample|4|nan|2946",1,0.00138882505386538,1.06279315524741,0.938003732064243,0.216594410454295,0.189334970463526
"130_bNAb_Combinations|1313842|sample|5|nan|2946",1,0.00138882505386538,0.742588751656433,1.21593083264773,0.216594410454295,0.189334970463526
"130_bNAb_Combinations|1313842|sample|6|nan|2946",1,0.00138882505386538,0.801635586899792,0.87940081415572,0.216594410454295,0.189334970463526
"130_bNAb_Combinations|1313842|sample|7|nan|2946",1,0.00138882505386538,1.5794941420792,2.08639563912994,0.216594410454295,0.189334970463526
"130_bNAb_Combinations|1313842|sample|8|nan|2946",1,0.00138882505386538,1.46643758160273,2.44725629255567,0.216594410454295,0.189334970463526
"130_bNAb_Combinations|1313842|sample|9|nan|2946",1,0.00138882505386538,1.55735681167803,2.61686576460008,0.216594410454295,0.189334970463526
"130_bNAb_Combinations|1313842|vc|1|2|nan|2946",1,0.00138882511222415,0.735520179938275,22.2490870071305,0.216594410454295,0.189334970463526
"130_bNAb_Combinations|1313842|vc|2|2|nan|2946",1,0.00138882511222415,0.735520217569917,22.2490982974333,0.216594410454295,0.189334970463526
"130_bNAb_Combinations|1313842|vc|3|2|nan|2946",1,0.00138882511222415,0.735520193243388,22.2490984125114,0.216594410454295,0.189334970463526
"130_bNAb_Combinations|1313842|vc|4|2|nan|2946",1,0.00138882511222415,0.735520158923612,22.2490967898396,0.216594410454295,0.189334970463526
"130_bNAb_Combinations|1313842|vc|5|2|nan|2946",1,0.00138882511222415,0.73552013074677,22.2491016496444,0.216594410454295,0.189334970463526
"130_bNAb_Combinations|1313842|vc|6|2|nan|2946",1,0.00138882511222415,0.73552017581514,22.2491015909016,0.216594410454295,0.189334970463526
"130_bNAb_Combinations|1313842|vc|7|2|nan|2946",1,0.00138882511222415,0.735520160882523,22.2490900677291,0.216594410454295,0.189334970463526
"130_bNAb_Combinations|1313842|vc|8|2|nan|2946",1,0.00138882511222415,0.735520206268897,22.2490867730252,0.216594410454295,0.189334970463526
"130_bNAb_Combinations|1313860|cc|1|1|PVO.4|5024",1,0.00138882511222415,0.735520212253735,22.2490845152004,0.216588818899251,0.189334970609038
"130_bNAb_Combinations|1313860|cc|2|1|PVO.4|5024",1,0.00138882511222415,0.735520255184024,22.2491020112044,0.216588818899251,0.189334970609038
"130_bNAb_Combinations|1313860|cc|3|1|PVO.4|5024",1,0.00138882511222415,0.73552013957149,22.2490786096217,0.216588818899251,0.189334970609038
"130_bNAb_Combinations|1313860|cc|4|1|PVO.4|5024",1,0.00138882511222415,0.735520221647879,22.249089027936,0.216588818899251,0.189334970609038
"130_bNAb_Combinations|1313860|cc|5|1|PVO.4|5024",1,0.00138882511222415,0.735520198047089,22.2491047740814,0.216588818899251,0.189334970609038
"130_bNAb_Combinations|1313860|cc|6|1|PVO.4|5024",1,0.00138882511222415,0.735520178854202,22.2491024539525,0.216588818899251,0.189334970609038
"130_bNAb_Combinations|1313860|cc|7|1|PVO.4|5024",1,0.00138882511222415,0.735520135256763,22.2490899078091,0.216588818899251,0.189334970609038
"130_bNAb_Combinations|1313860|cc|8|1|PVO.4|5024",1,0.00138882511222415,0.735520247286988,22.2491006369863,0.216588818899251,0.189334970609038
"130_bNAb_Combinations|1313860|sample|10|PVO.4|5024",1,0.00138882505386538,1.60754856085726,6.53893054726605,0.216588818899251,0.189334970609038
"130_bNAb_Combinations|1313860|sample|11|PVO.4|5024",1,0.00138882505386538,1.78467129435082,7.55953455083767,0.216588818899251,0.189334970609038
"130_bNAb_Combinations|1313860|sample|12|PVO.4|5024",1,0.00138882505386538,2.03764761584177,7.32971143991735,0.216588818899251,0.189334970609038
"130_bNAb_Combinations|1313860|sample|3|PVO.4|5024",1,0.00138882505386538,1.39987718843382,0.877924160640994,0.216588818899251,0.189334970609038
"130_bNAb_Combinations|1313860|sample|4|PVO.4|5024",1,0.00138882505386538,1.36644056891783,0.872385606968401,0.216588818899251,0.189334970609038
"130_bNAb_Combinations|1313860|sample|5|PVO.4|5024",1,0.00138882505386538,1.35550549224375,0.966765067875322,0.216588818899251,0.189334970609038
"130_bNAb_Combinations|1313860|sample|6|PVO.4|5024",1,0.00138882505386538,1.53509346858372,0.933294068195221,0.216588818899251,0.189334970609038
"130_bNAb_Combinations|1313860|sample|7|PVO.4|5024",1,0.00138882505386538,1.50913790458482,6.90720456652079,0.216588818899251,0.189334970609038
"130_bNAb_Combinations|1313860|sample|8|PVO.4|5024",1,0.00138882505386538,1.50046792033546,7.06477488879143,0.216588818899251,0.189334970609038
"130_bNAb_Combinations|1313860|sample|9|PVO.4|5024",1,0.00138882505386538,1.58729478773331,6.85157993809897,0.216588818899251,0.189334970609038
"130_bNAb_Combinations|1313860|vc|1|2|PVO.4|5024",1,0.00138882511222415,0.735520165681576,22.249085335465,0.216588818899251,0.189334970609038
"130_bNAb_Combinations|1313860|vc|2|2|PVO.4|5024",1,0.00138882511222415,0.73552023806658,22.2490980304015,0.216588818899251,0.189334970609038
"130_bNAb_Combinations|1313860|vc|3|2|PVO.4|5024",1,0.00138882511222415,0.735520201475366,22.2490930939505,0.216588818899251,0.189334970609038
"130_bNAb_Combinations|1313860|vc|4|2|PVO.4|5024",1,0.00138882511222415,0.735520110864515,22.2491001671831,0.216588818899251,0.189334970609038
"130_bNAb_Combinations|1313860|vc|5|2|PVO.4|5024",1,0.00138882511222415,0.735520106506616,22.2490935307779,0.216588818899251,0.189334970609038
"130_bNAb_Combinations|1313860|vc|6|2|PVO.4|5024",1,0.00138882511222415,0.735520325720986,22.2491076166763,0.216588818899251,0.189334970609038
"130_bNAb_Combinations|1313860|vc|7|2|PVO.4|5024",1,0.00138882511222415,0.735520215596532,22.2490905888478,0.216588818899251,0.189334970609038
"130_bNAb_Combinations|1313860|vc|8|2|PVO.4|5024",1,0.00138882511222415,0.735520180045689,22.2491029207907,0.216588818899251,0.189334970609038
"130_bNAb_Combinations|1313884|cc|1|1|nan|4168",1,0.00138882511222415,0.735520140311006,22.2490939026339,0.216594730753123,0.18933497195837
"130_bNAb_Combinations|1313884|cc|2|1|nan|4168",1,0.00138882511222415,0.735520187607955,22.2490984487489,0.216594730753123,0.18933497195837
"130_bNAb_Combinations|1313884|cc|3|1|nan|4168",1,0.00138882511222415,0.73552024059429,22.2490972394962,0.216594730753123,0.18933497195837
"130_bNAb_Combinations|1313884|cc|4|1|nan|4168",1,0.00138882511222415,0.735520124763056,22.24908019551,0.216594730753123,0.18933497195837
"130_bNAb_Combinations|1313884|cc|5|1|nan|4168",1,0.00138882511222415,0.735520087471656,22.2491057728404,0.216594730753123,0.18933497195837
"130_bNAb_Combinations|1313884|cc|6|1|nan|4168",1,0.00138882511222415,0.735520242684294,22.2491000096486,0.216594730753123,0.18933497195837
"130_bNAb_Combinations|1313884|cc|7|1|nan|4168",1,0.00138882511222415,0.735520201843541,22.2491059340067,0.216594730753123,0.18933497195837
"130_bNAb_Combinations|1313884|cc|8|1|nan|4168",1,0.00138882511222415,0.735520159705135,22.2490885181805,0.216594730753123,0.18933497195837
"130_bNAb_Combinations|1313884|sample|10|nan|4168",1,0.00138882505386538,0.484970886306175,20.2861896892826,0.216594730753123,0.18933497195837
"130_bNAb_Combinations|1313884|sample|11|nan|4168",1,0.00138882505386538,1.08074291225915,8.577297399366,0.216594730753123,0.18933497195837
"130_bNAb_Combinations|1313884|sample|12|nan|4168",1,0.00138882505386538,1.09683462221819,10.2141479820568,0.216594730753123,0.18933497195837
"130_bNAb_Combinations|1313884|sample|3|nan|4168",1,0.00138882505386538,1.32254542079767,0.30229991090855,0.216594730753123,0.18933497195837
"130_bNAb_Combinations|1313884|sample|4|nan|4168",1,0.00138882505386538,1.35755140145417,0.271932643377909,0.216594730753123,0.18933497195837
"130_bNAb_Combinations|1313884|sample|5|nan|4168",1,0.00138882505386538,1.17839638899212,0.282763280328608,0.216594730753123,0.18933497195837
"130_bNAb_Combinations|1313884|sample|6|nan|4168",1,0.00138882505386538,1.16243830308506,0.272214628488881,0.216594730753123,0.18933497195837
"130_bNAb_Combinations|1313884|sample|7|nan|4168",1,0.00138882505386538,0.566902830189605,9.684103779941,0.216594730753123,0.18933497195837
"130_bNAb_Combinations|1313884|sample|8|nan|4168",1,0.00138882505386538,0.568441932491646,10.2024209865233,0.216594730753123,0.18933497195837
"130_bNAb_Combinations|1313884|sample|9|nan|4168",1,0.00138882505386538,0.499852306491839,15.8474854785752,0.216594730753123,0.18933497195837
"130_bNAb_Combinations|1313884|vc|1|2|nan|4168",1,0.00138882511222415,0.73552026211206,22.2490886090845,0.216594730753123,0.18933497195837
"130_bNAb_Combinations|1313884|vc|2|2|nan|4168",1,0.00138882511222415,0.735520244848219,22.2490957888804,0.216594730753123,0.18933497195837
"130_bNAb_Combinations|1313884|vc|3|2|nan|4168",1,0.00138882511222415,0.735520270762409,22.2490941202643,0.216594730753123,0.18933497195837
"130_bNAb_Combinations|1313884|vc|4|2|nan|4168",1,0.00138882511222415,0.735520238954925,22.2490935931643,0.216594730753123,0.18933497195837
"130_bNAb_Combinations|1313884|vc|5|2|nan|4168",1,0.00138882511222415,0.735520296463389,22.2490832136861,0.216594730753123,0.18933497195837
"130_bNAb_Combinations|1313884|vc|6|2|nan|4168",1,0.00138882511222415,0.735520139746799,22.2490883973099,0.216594730753123,0.18933497195837
"130_bNAb_Combinations|1313884|vc|7|2|nan|4168",1,0.00138882511222415,0.735520157772757,22.2491010914897,0.216594730753123,0.18933497195837
"130_bNAb_Combinations|1313884|vc|8|2|nan|4168",1,0.00138882511222415,0.735520127589138,22.2491016859017,0.216594730753123,0.18933497195837
"130_bNAb_Combinations|1313920|cc|1|1|nan|1798",1,0.00138882511222415,0.735520157561594,22.2490944130991,0.216594843383088,0.189334989013218
"130_bNAb_Combinations|1313920|cc|2|1|nan|1798",1,0.00138882511222415,0.735520147984148,22.2490956963524,0.216594843383088,0.189334989013218
"130_bNAb_Combinations|1313920|cc|3|1|nan|1798",1,0.00138882511222415,0.73552024052332,22.2490850108149,0.216594843383088,0.189334989013218
"130_bNAb_Combinations|1313920|cc|4|1|nan|1798",1,0.00138882511222415,0.735520127764149,22.2490867740274,0.216594843383088,0.189334989013218
"130_bNAb_Combinations|1313920|cc|5|1|nan|1798",1,0.00138882511222415,0.735520177351383,22.2490869384745,0.216594843383088,0.189334989013218
"130_bNAb_Combinations|1313920|cc|6|1|nan|1798",1,0.00138882511222415,0.735520169080444,22.2491012508414,0.216594843383088,0.189334989013218
"130_bNAb_Combinations|1313920|cc|7|1|nan|1798",1,0.00138882511222415,0.735520127229941,22.2490988806303,0.216594843383088,0.189334989013218
"130_bNAb_Combinations|1313920|cc|8|1|nan|1798",1,0.00138882511222415,0.735520172614719,22.2490828004331,0.216594843383088,0.189334989013218
"130_bNAb_Combinations|1313920|sample|10|nan|1798",1,0.00138882505386538,1.49938316701955,21.481034369425,0.216594843383088,0.189334989013218
"130_bNAb_Combinations|1313920|sample|11|nan|1798",1,0.00138882505386538,1.49476561887523,3.46279295003687,0.216594843383088,0.189334989013218
"130_bNAb_Combinations|1313920|sample|12|nan|1798",1,0.00138882505386538,1.59190181608125,3.09432858836405,0.216594843383088,0.189334989013218
"130_bNAb_Combinations|1313920|sample|3|nan|1798",1,0.00138882505386538,0.735399496187393,2.81465877493124,0.216594843383088,0.189334989013218
"130_bNAb_Combinations|1313920|sample|4|nan|1798",1,0.00138882505386538,0.690875569093147,3.30088241556979,0.216594843383088,0.189334989013218
"130_bNAb_Combinations|1313920|sample|5|nan|1798",1,0.00138882505386538,0.542646025247175,3.27647306215301,0.216594843383088,0.189334989013218
"130_bNAb_Combinations|1313920|sample|6|nan|1798",1,0.00138882505386538,0.511249345175901,4.97702004298935,0.216594843383088,0.189334989013218
"130_bNAb_Combinations|1313920|sample|7|nan|1798",1,0.00138882505386538,1.65500229946597,14.0293216458019,0.216594843383088,0.189334989013218
"130_bNAb_Combinations|1313920|sample|8|nan|1798",1,0.00138882505386538,1.59606975483373,15.6079767484337,0.216594843383088,0.189334989013218
"130_bNAb_Combinations|1313920|sample|9|nan|1798",1,0.00138882505386538,1.533623784189,19.3280473091465,0.216594843383088,0.189334989013218
"130_bNAb_Combinations|1313920|vc|1|2|nan|1798",1,0.00138882511222415,0.735520160969089,22.2490992780191,0.216594843383088,0.189334989013218
"130_bNAb_Combinations|1313920|vc|2|2|nan|1798",1,0.00138882511222415,0.735520248323323,22.2490966771714,0.216594843383088,0.189334989013218
"130_bNAb_Combinations|1313920|vc|3|2|nan|1798",1,0.00138882511222415,0.735520181906074,22.2490851237996,0.216594843383088,0.189334989013218
"130_bNAb_Combinations|1313920|vc|4|2|nan|1798",1,0.00138882511222415,0.735520180660861,22.2490939628121,0.216594843383088,0.189334989013218
"130_bNAb_Combinations|1313920|vc|5|2|nan|1798",1,0.00138882511222415,0.735520175812766,22.2491029040705,0.216594843383088,0.189334989013218
"130_bNAb_Combinations|1313920|vc|6|2|nan|1798",1,0.00138882511222415,0.735520218906923,22.2490922372105,0.216594843383088,0.189334989013218
"130_bNAb_Combinations|1313920|vc|7|2|nan|1798",1,0.00138882511222415,0.735520186861582,22.2491039929282,0.216594843383088,0.189334989013218
"130_bNAb_Combinations|1313920|vc|8|2|nan|1798",1,0.00138882511222415,0.735520208788888,22.2491016251871,0.216594843383088,0.189334989013218
"130_bNAb_Combinations|1313938|cc|1|1|TRO.11|8301",1,0.00138882511222415,0.735520112053649,22.249099282676,0.216632437728081,0.189167133974737
"130_bNAb_Combinations|1313938|cc|2|1|TRO.11|8301",1,0.00138882511222415,0.735520073445501,22.2490962583733,0.216632437728081,0.189167133974737
"130_bNAb_Combinations|1313938|cc|3|1|TRO.11|8301",1,0.00138882511222415,0.735520164415118,22.2490872923519,0.216632437728081,0.189167133974737
"130_bNAb_Combinations|1313938|cc|4|1|TRO.11|8301",1,0.00138882511222415,0.735520235203491,22.2490817880782,0.216632437728081,0.189167133974737
"130_bNAb_Combinations|1313938|cc|5|1|TRO.11|8301",1,0.00138882511222415,0.735520176352186,22.2490800918323,0.216632437728081,0.189167133974737
"130_bNAb_Combinations|1313938|cc|6|1|TRO.11|8301",1,0.00138882511222415,0.73552017640071,22.2490853107486,0.216632437728081,0.189167133974737
"130_bNAb_Combinations|1313938|cc|7|1|TRO.11|8301",1,0.00138882511222415,0.735520142057749,22.2491012518538,0.216632437728081,0.189167133974737
"130_bNAb_Combinations|1313938|cc|8|1|TRO.11|8301",1,0.00138882511222415,0.735520145985851,22.2490902888867,0.216632437728081,0.189167133974737
"130_bNAb_Combinations|1313938|sample|10|TRO.11|8301",1,0.00138882505386538,1.85406628239908,48.132787551472,0.216632437728081,0.189167133974737
"130_bNAb_Combinations|1313938|sample|11|TRO.11|8301",1,0.00138882505386538,2.0879600267286,7.58910535650432,0.216632437728081,0.189167133974737
"130_bNAb_Combinations|1313938|sample|12|TRO.11|8301",1,0.00138882505386538,1.9354767609383,8.54094409789404,0.216632437728081,0.189167133974737
"130_bNAb_Combinations|1313938|sample|3|TRO.11|8301",1,0.00138882505386538,1.46017244194922,1.54856600077222,0.216632437728081,0.189167133974737
"130_bNAb_Combinations|1313938|sample|4|TRO.11|8301",1,0.00138882505386538,1.31483289049109,1.83865209851389,0.216632437728081,0.189167133974737
"130_bNAb_Combinations|1313938|sample|5|TRO.11|8301",1,0.00138882505386538,1.20900026790057,2.12897728926127,0.216632437728081,0.189167133974737
"130_bNAb_Combinations|1313938|sample|6|TRO.11|8301",1,0.00138882505386538,1.20530420153712,2.10536287000975,0.216632437728081,0.189167133974737
"130_bNAb_Combinations|1313938|sample|7|TRO.11|8301",1,0.00138882505386538,1.8868540126102,41.9133547687496,0.216632437728081,0.189167133974737
"130_bNAb_Combinations|1313938|sample|8|TRO.11|8301",1,0.00138882505386538,1.81458683761642,42.1258395099286,0.216632437728081,0.189167133974737
"130_bNAb_Combinations|1313938|sample|9|TRO.11|8301",1,0.00138882505386538,1.86569293099302,49.8941599218947,0.216632437728081,0.189167133974737
"130_bNAb_Combinations|1313938|vc|1|2|TRO.11|8301",1,0.00138882511222415,0.735520176024787,22.2490905718272,0.216632437728081,0.189167133974737
"130_bNAb_Combinations|1313938|vc|2|2|TRO.11|8301",1,0.00138882511222415,0.735520184217871,22.2490902656028,0.216632437728081,0.189167133974737
"130_bNAb_Combinations|1313938|vc|3|2|TRO.11|8301",1,0.00138882511222415,0.735520225677098,22.2490928972678,0.216632437728081,0.189167133974737
"130_bNAb_Combinations|1313938|vc|4|2|TRO.11|8301",1,0.00138882511222415,0.735520195299081,22.2491015821053,0.216632437728081,0.189167133974737
"130_bNAb_Combinations|1313938|vc|5|2|TRO.11|8301",1,0.00138882511222415,0.73552015184502,22.2490862204964,0.216632437728081,0.189167133974737
"130_bNAb_Combinations|1313938|vc|6|2|TRO.11|8301",1,0.00138882511222415,0.735520192457127,22.2490851833671,0.216632437728081,0.189167133974737
"130_bNAb_Combinations|1313938|vc|7|2|TRO.11|8301",1,0.00138882511222415,0.735520060858598,22.2491050519665,0.216632437728081,0.189167133974737
"130_bNAb_Combinations|1313938|vc|8|2|TRO.11|8301",1,0.00138882511222415,0.73552012313051,22.2490937112798,0.216632437728081,0.189167133974737
"130_bNAb_Combinations|1313956|cc|1|1|Ce1176_A3|7023",1,0.00138882511222415,0.735520182838576,22.2490865722259,0.216597675739622,0.18933497235257
"130_bNAb_Combinations|1313956|cc|2|1|Ce1176_A3|7023",1,0.00138882511222415,0.735520238375361,22.249092119167,0.216597675739622,0.18933497235257
"130_bNAb_Combinations|1313956|cc|3|1|Ce1176_A3|7023",1,0.00138882511222415,0.735520217143007,22.2491018392759,0.216597675739622,0.18933497235257
"130_bNAb_Combinations|1313956|cc|4|1|Ce1176_A3|7023",1,0.00138882511222415,0.735520268945609,22.2490822465733,0.216597675739622,0.18933497235257
"130_bNAb_Combinations|1313956|cc|5|1|Ce1176_A3|7023",1,0.00138882511222415,0.735520147467039,22.2491026466023,0.216597675739622,0.18933497235257
"130_bNAb_Combinations|1313956|cc|6|1|Ce1176_A3|7023",1,0.00138882511222415,0.735520132315901,22.2490881347255,0.216597675739622,0.18933497235257
"130_bNAb_Combinations|1313956|cc|7|1|Ce1176_A3|7023",1,0.00138882511222415,0.735520196988352,22.2491052844381,0.216597675739622,0.18933497235257
"130_bNAb_Combinations|1313956|cc|8|1|Ce1176_A3|7023",1,0.00138882511222415,0.735520132268862,22.2491019985924,0.216597675739622,0.18933497235257
"130_bNAb_Combinations|1313956|sample|10|Ce1176_A3|7023",1,0.00138882505386538,1.85394324503396,44.7373299334864,0.216597675739622,0.18933497235257
"130_bNAb_Combinations|1313956|sample|11|Ce1176_A3|7023",1,0.00138882505386538,1.55604202296131,4.15642602007216,0.216597675739622,0.18933497235257
"130_bNAb_Combinations|1313956|sample|12|Ce1176_A3|7023",1,0.00138882505386538,1.34390744878887,6.19457500812678,0.216597675739622,0.18933497235257
"130_bNAb_Combinations|1313956|sample|3|Ce1176_A3|7023",1,0.00138882505386538,0.680512005231867,1.24627595494233,0.216597675739622,0.18933497235257
"130_bNAb_Combinations|1313956|sample|4|Ce1176_A3|7023",1,0.00138882505386538,0.687689575282297,1.27793114616041,0.216597675739622,0.18933497235257
"130_bNAb_Combinations|1313956|sample|5|Ce1176_A3|7023",1,0.00138882505386538,0.558064264369217,0.88009683116997,0.216597675739622,0.18933497235257
"130_bNAb_Combinations|1313956|sample|6|Ce1176_A3|7023",1,0.00138882505386538,0.54220199964188,1.1761244164955,0.216597675739622,0.18933497235257
"130_bNAb_Combinations|1313956|sample|7|Ce1176_A3|7023",1,0.00138882505386538,1.97625029372222,36.9976361591831,0.216597675739622,0.18933497235257
"130_bNAb_Combinations|1313956|sample|8|Ce1176_A3|7023",1,0.00138882505386538,2.00652625315765,35.7417896105729,0.216597675739622,0.18933497235257
"130_bNAb_Combinations|1313956|sample|9|Ce1176_A3|7023",1,0.00138882505386538,1.95244611748121,43.8260852932347,0.216597675739622,0.18933497235257
"130_bNAb_Combinations|1313956|vc|1|2|Ce1176_A3|7023",1,0.00138882511222415,0.735520217547267,22.2490850530174,0.216597675739622,0.18933497235257
"130_bNAb_Combinations|1313956|vc|2|2|Ce1176_A3|7023",1,0.00138882511222415,0.735520206888112,22.2490857861112,0.216597675739622,0.18933497235257
"130_bNAb_Combinations|1313956|vc|3|2|Ce1176_A3|7023",1,0.00138882511222415,0.735520330657035,22.2490913165413,0.216597675739622,0.18933497235257
"130_bNAb_Combinations|1313956|vc|4|2|Ce1176_A3|7023",1,0.00138882511222415,0.735520247739539,22.2490919785749,0.216597675739622,0.18933497235257
"130_bNAb_Combinations|1313956|vc|5|2|Ce1176_A3|7023",1,0.00138882511222415,0.735520104724163,22.2490951983488,0.216597675739622,0.18933497235257
"130_bNAb_Combinations|1313956|vc|6|2|Ce1176_A3|7023",1,0.00138882511222415,0.73552006591736,22.2490997858291,0.216597675739622,0.18933497235257
"130_bNAb_Combinations|1313956|vc|7|2|Ce1176_A3|7023",1,0.00138882511222415,0.735520134836696,22.2490948705625,0.216597675739622,0.18933497235257
"130_bNAb_Combinations|1313956|vc|8|2|Ce1176_A3|7023",1,0.00138882511222415,0.735520158190698,22.2490816395153,0.216597675739622,0.18933497235257
"130_bNAb_Combinations|1313974|cc|1|1|nan|1176",1,0.00138882511222415,0.735520124237621,22.2490953130343,0.346321641978405,0.189281474584807
"130_bNAb_Combinations|1313974|cc|2|1|nan|1176",1,0.00138882511222415,0.735520069322214,22.2491006185,0.346321641978405,0.189281474584807
"130_bNAb_Combinations|1313974|cc|3|1|nan|1176",1,0.00138882511222415,0.735520246805929,22.2491013712903,0.346321641978405,0.189281474584807
"130_bNAb_Combinations|1313974|cc|4|1|nan|1176",1,0.00138882511222415,0.735520215627076,22.2490893631459,0.346321641978405,0.189281474584807
"130_bNAb_Combinations|1313974|cc|5|1|nan|1176",1,0.00138882511222415,0.735520229756976,22.24909211715,0.346321641978405,0.189281474584807
"130_bNAb_Combinations|1313974|cc|6|1|nan|1176",1,0.00138882511222415,0.735520248377861,22.2491034077378,0.346321641978405,0.189281474584807
"130_bNAb_Combinations|1313974|cc|7|1|nan|1176",1,0.00138882511222415,0.735520147905356,22.2490937648018,0.346321641978405,0.189281474584807
"130_bNAb_Combinations|1313974|cc|8|1|nan|1176",1,0.00138882511222415,0.735520222630245,22.2490985474787,0.346321641978405,0.189281474584807
"130_bNAb_Combinations|1313974|sample|10|nan|1176",1,0.00138882505386538,0.807333189026304,0.626340991843226,0.346321641978405,0.189281474584807
"130_bNAb_Combinations|1313974|sample|11|nan|1176",1,0.00138882505386538,1.34483047025004,15.9755992800754,0.346321641978405,0.189281474584807
"130_bNAb_Combinations|1313974|sample|12|nan|1176",1,0.00138882505386538,1.22421658380736,31.9103048830686,0.346321641978405,0.189281474584807
"130_bNAb_Combinations|1313974|sample|3|nan|1176",1,0.00138882505386538,0.826429614548657,37.1962191947187,0.346321641978405,0.189281474584807
"130_bNAb_Combinations|1313974|sample|4|nan|1176",1,0.00138882505386538,0.910406226880941,35.2441235632378,0.346321641978405,0.189281474584807
"130_bNAb_Combinations|1313974|sample|5|nan|1176",1,0.00138882505386538,0.610715973231366,58.7359917821399,0.346321641978405,0.189281474584807
"130_bNAb_Combinations|1313974|sample|6|nan|1176",1,0.00138882505386538,0.639722525891004,48.7717159359179,0.346321641978405,0.189281474584807
"130_bNAb_Combinations|1313974|sample|7|nan|1176",1,0.00138882505386538,1.00139986112824,0.827190236964227,0.346321641978405,0.189281474584807
"130_bNAb_Combinations|1313974|sample|8|nan|1176",1,0.00138882505386538,1.13878909112211,0.796470801917947,0.346321641978405,0.189281474584807
"130_bNAb_Combinations|1313974|sample|9|nan|1176",1,0.00138882505386538,0.772111535923199,0.646233080600067,0.346321641978405,0.189281474584807
"130_bNAb_Combinations|1313974|vc|1|2|nan|1176",1,0.00138882511222415,0.735520184301104,22.2490903262088,0.346321641978405,0.189281474584807
"130_bNAb_Combinations|1313974|vc|2|2|nan|1176",1,0.00138882511222415,0.735520223431768,22.2491005209318,0.346321641978405,0.189281474584807
"130_bNAb_Combinations|1313974|vc|3|2|nan|1176",1,0.00138882511222415,0.735520172832169,22.2490874735512,0.346321641978405,0.189281474584807
"130_bNAb_Combinations|1313974|vc|4|2|nan|1176",1,0.00138882511222415,0.735520205651771,22.2490993655519,0.346321641978405,0.189281474584807
"130_bNAb_Combinations|1313974|vc|5|2|nan|1176",1,0.00138882511222415,0.735520200357874,22.249099133604,0.346321641978405,0.189281474584807
"130_bNAb_Combinations|1313974|vc|6|2|nan|1176",1,0.00138882511222415,0.735520194431654,22.2490874805385,0.346321641978405,0.189281474584807
"130_bNAb_Combinations|1313974|vc|7|2|nan|1176",1,0.00138882511222415,0.735520113259342,22.2490939735072,0.346321641978405,0.189281474584807
"130_bNAb_Combinations|1313974|vc|8|2|nan|1176",1,0.00138882511222415,0.735520241399302,22.2491009252673,0.346321641978405,0.189281474584807
"130_bNAb_Combinations|1313992|cc|1|1|RHPA4259.7|5371",1,0.00138882511222415,0.735520161578696,22.24908755854,0.216594677704282,0.189334970616743
"130_bNAb_Combinations|1313992|cc|2|1|RHPA4259.7|5371",1,0.00138882511222415,0.735520154912198,22.2490740376948,0.216594677704282,0.189334970616743
"130_bNAb_Combinations|1313992|cc|3|1|RHPA4259.7|5371",1,0.00138882511222415,0.735520195677682,22.2490874835951,0.216594677704282,0.189334970616743
"130_bNAb_Combinations|1313992|cc|4|1|RHPA4259.7|5371",1,0.00138882511222415,0.735520180185098,22.2491016457998,0.216594677704282,0.189334970616743
"130_bNAb_Combinations|1313992|cc|5|1|RHPA4259.7|5371",1,0.00138882511222415,0.735520260711027,22.2491016196593,0.216594677704282,0.189334970616743
"130_bNAb_Combinations|1313992|cc|6|1|RHPA4259.7|5371",1,0.00138882511222415,0.735520152313972,22.2490911026894,0.216594677704282,0.189334970616743
"130_bNAb_Combinations|1313992|cc|7|1|RHPA4259.7|5371",1,0.00138882511222415,0.735520150078412,22.2491043289527,0.216594677704282,0.189334970616743
"130_bNAb_Combinations|1313992|cc|8|1|RHPA4259.7|5371",1,0.00138882511222415,0.735520266335696,22.2490959955826,0.216594677704282,0.189334970616743
"130_bNAb_Combinations|1313992|sample|10|RHPA4259.7|5371",1,0.00138882505386538,1.69942369607669,43.3925250652664,0.216594677704282,0.189334970616743
"130_bNAb_Combinations|1313992|sample|11|RHPA4259.7|5371",1,0.00138882505386538,1.46346840670788,66.4085680977043,0.216594677704282,0.189334970616743
"130_bNAb_Combinations|1313992|sample|12|RHPA4259.7|5371",1,0.00138882505386538,1.51625660150276,49.7264458734032,0.216594677704282,0.189334970616743
"130_bNAb_Combinations|1313992|sample|3|RHPA4259.7|5371",1,0.00138882505386538,1.69636846234507,1.97234040536145,0.216594677704282,0.189334970616743
"130_bNAb_Combinations|1313992|sample|4|RHPA4259.7|5371",1,0.00138882505386538,1.62418535630326,2.02543026156712,0.216594677704282,0.189334970616743
"130_bNAb_Combinations|1313992|sample|5|RHPA4259.7|5371",1,0.00138882505386538,1.54396997711869,2.50856156820294,0.216594677704282,0.189334970616743
"130_bNAb_Combinations|1313992|sample|6|RHPA4259.7|5371",1,0.00138882505386538,1.44822472520646,2.70080186797496,0.216594677704282,0.189334970616743
"130_bNAb_Combinations|1313992|sample|7|RHPA4259.7|5371",1,0.00138882505386538,1.71638247195919,42.8579215024625,0.216594677704282,0.189334970616743
"130_bNAb_Combinations|1313992|sample|8|RHPA4259.7|5371",1,0.00138882505386538,1.74891159954428,36.4896929122034,0.216594677704282,0.189334970616743
"130_bNAb_Combinations|1313992|sample|9|RHPA4259.7|5371",1,0.00138882505386538,1.83299415887329,38.3744901826274,0.216594677704282,0.189334970616743
"130_bNAb_Combinations|1313992|vc|1|2|RHPA4259.7|5371",1,0.00138882511222415,0.735520182763747,22.2491037817072,0.216594677704282,0.189334970616743
"130_bNAb_Combinations|1313992|vc|2|2|RHPA4259.7|5371",1,0.00138882511222415,0.735520322054615,22.2490874955382,0.216594677704282,0.189334970616743
"130_bNAb_Combinations|1313992|vc|3|2|RHPA4259.7|5371",1,0.00138882511222415,0.73552031117641,22.24910244829,0.216594677704282,0.189334970616743
"130_bNAb_Combinations|1313992|vc|4|2|RHPA4259.7|5371",1,0.00138882511222415,0.735520138261098,22.2490955376591,0.216594677704282,0.189334970616743
"130_bNAb_Combinations|1313992|vc|5|2|RHPA4259.7|5371",1,0.00138882511222415,0.735520154431439,22.2490993445483,0.216594677704282,0.189334970616743
"130_bNAb_Combinations|1313992|vc|6|2|RHPA4259.7|5371",1,0.00138882511222415,0.735520175199892,22.2490845744262,0.216594677704282,0.189334970616743
"130_bNAb_Combinations|1313992|vc|7|2|RHPA4259.7|5371",1,0.00138882511222415,0.735520334217679,22.2490988060951,0.216594677704282,0.189334970616743
"130_bNAb_Combinations|1313992|vc|8|2|RHPA4259.7|5371",1,0.00138882511222415,0.7355201979863,22.249101032168,0.216594677704282,0.189334970616743
"130_bNAb_Combinations|1314016|cc|1|1|nan|3430",1,0.00138882511222415,0.735520255802453,22.2491042902235,0.216594854241593,0.189334970967035
"130_bNAb_Combinations|1314016|cc|2|1|nan|3430",1,0.00138882511222415,0.735520236563168,22.2490887108594,0.216594854241593,0.189334970967035
"130_bNAb_Combinations|1314016|cc|3|1|nan|3430",1,0.00138882511222415,0.735520257175487,22.249085455088,0.216594854241593,0.189334970967035
"130_bNAb_Combinations|1314016|cc|4|1|nan|3430",1,0.00138882511222415,0.735520098330537,22.249092895316,0.216594854241593,0.189334970967035
"130_bNAb_Combinations|1314016|cc|5|1|nan|3430",1,0.00138882511222415,0.735520284602973,22.2490984438034,0.216594854241593,0.189334970967035
"130_bNAb_Combinations|1314016|cc|6|1|nan|3430",1,0.00138882511222415,0.735520243192249,22.2491015654997,0.216594854241593,0.189334970967035
"130_bNAb_Combinations|1314016|cc|7|1|nan|3430",1,0.00138882511222415,0.735520110050476,22.2490958415762,0.216594854241593,0.189334970967035
"130_bNAb_Combinations|1314016|cc|8|1|nan|3430",1,0.00138882511222415,0.735520179802219,22.249086777527,0.216594854241593,0.189334970967035
"130_bNAb_Combinations|1314016|sample|10|nan|3430",1,0.00138882505386538,0.921633143111455,32.5872660481994,0.216594854241593,0.189334970967035
"130_bNAb_Combinations|1314016|sample|11|nan|3430",1,0.00138882505386538,1.45558632720236,26.0301929673681,0.216594854241593,0.189334970967035
"130_bNAb_Combinations|1314016|sample|12|nan|3430",1,0.00138882505386538,1.57760833026377,24.8347303209159,0.216594854241593,0.189334970967035
"130_bNAb_Combinations|1314016|sample|3|nan|3430",1,0.00138882505386538,1.16727508704819,331.973006870546,0.216594854241593,0.189334970967035
"130_bNAb_Combinations|1314016|sample|4|nan|3430",1,0.00138882505386538,1.31041305480834,281.063644859034,0.216594854241593,0.189334970967035
"130_bNAb_Combinations|1314016|sample|5|nan|3430",1,0.00138882505386538,0.965031527463451,453.918502019882,0.216594854241593,0.189334970967035
"130_bNAb_Combinations|1314016|sample|6|nan|3430",1,0.00138882505386538,1.00809671609552,494.243399586603,0.216594854241593,0.189334970967035
"130_bNAb_Combinations|1314016|sample|7|nan|3430",1,0.00138882505386538,1.14726555468214,17.439689978964,0.216594854241593,0.189334970967035
"130_bNAb_Combinations|1314016|sample|8|nan|3430",1,0.00138882505386538,1.02655120931087,21.2018935591274,0.216594854241593,0.189334970967035
"130_bNAb_Combinations|1314016|sample|9|nan|3430",1,0.00138882505386538,0.929027830559816,32.3840802574297,0.216594854241593,0.189334970967035
"130_bNAb_Combinations|1314016|vc|1|2|nan|3430",1,0.00138882511222415,0.735520094949897,22.2490913208437,0.216594854241593,0.189334970967035
"130_bNAb_Combinations|1314016|vc|2|2|nan|3430",1,0.00138882511222415,0.735520280936377,22.2490963659398,0.216594854241593,0.189334970967035
"130_bNAb_Combinations|1314016|vc|3|2|nan|3430",1,0.00138882511222415,0.735520262340515,22.2490956312195,0.216594854241593,0.189334970967035
"130_bNAb_Combinations|1314016|vc|4|2|nan|3430",1,0.00138882511222415,0.735520287134219,22.2490893227403,0.216594854241593,0.189334970967035
"130_bNAb_Combinations|1314016|vc|5|2|nan|3430",1,0.00138882511222415,0.735520202056716,22.249103017863,0.216594854241593,0.189334970967035
"130_bNAb_Combinations|1314016|vc|6|2|nan|3430",1,0.00138882511222415,0.735520106509529,22.2490931179093,0.216594854241593,0.189334970967035
"130_bNAb_Combinations|1314016|vc|7|2|nan|3430",1,0.00138882511222415,0.735520203294026,22.249090621829,0.216594854241593,0.189334970967035
"130_bNAb_Combinations|1314016|vc|8|2|nan|3430",1,0.00138882511222415,0.73552018419439,22.2490985394725,0.216594854241593,0.189334970967035
"130_bNAb_Combinations|1314040|cc|1|1|nan|4166",1,0.00138882511222415,0.735520248508012,22.2490894018462,0.216690859764076,0.189334970729601
"130_bNAb_Combinations|1314040|cc|2|1|nan|4166",1,0.00138882511222415,0.735520160154334,22.2490814753133,0.216690859764076,0.189334970729601
"130_bNAb_Combinations|1314040|cc|3|1|nan|4166",1,0.00138882511222415,0.735520222198856,22.2490973291521,0.216690859764076,0.189334970729601
"130_bNAb_Combinations|1314040|cc|4|1|nan|4166",1,0.00138882511222415,0.735520121583634,22.2490928724064,0.216690859764076,0.189334970729601
"130_bNAb_Combinations|1314040|cc|5|1|nan|4166",1,0.00138882511222415,0.735520110276479,22.2490898300653,0.216690859764076,0.189334970729601
"130_bNAb_Combinations|1314040|cc|6|1|nan|4166",1,0.00138882511222415,0.735520246075192,22.2490879589381,0.216690859764076,0.189334970729601
"130_bNAb_Combinations|1314040|cc|7|1|nan|4166",1,0.00138882511222415,0.735520120799918,22.2490892198158,0.216690859764076,0.189334970729601
"130_bNAb_Combinations|1314040|cc|8|1|nan|4166",1,0.00138882511222415,0.735520272403495,22.249095225614,0.216690859764076,0.189334970729601
"130_bNAb_Combinations|1314040|sample|10|nan|4166",1,0.00138882505386538,1.68360668849884,98.3591258754279,0.216690859764076,0.189334970729601
"130_bNAb_Combinations|1314040|sample|11|nan|4166",1,0.00138882505386538,1.75420171413134,51.3457169420056,0.216690859764076,0.189334970729601
"130_bNAb_Combinations|1314040|sample|12|nan|4166",1,0.00138882505386538,1.44020567701076,78.0933058749283,0.216690859764076,0.189334970729601
"130_bNAb_Combinations|1314040|sample|3|nan|4166",1,0.00138882505386538,1.10294393929009,193.976706721225,0.216690859764076,0.189334970729601
"130_bNAb_Combinations|1314040|sample|4|nan|4166",1,0.00138882505386538,1.08750206588829,146.084890559544,0.216690859764076,0.189334970729601
"130_bNAb_Combinations|1314040|sample|5|nan|4166",1,0.00138882505386538,0.982747055644115,204.455614434133,0.216690859764076,0.189334970729601
"130_bNAb_Combinations|1314040|sample|6|nan|4166",1,0.00138882505386538,1.03260522483271,180.34127036437,0.216690859764076,0.189334970729601
"130_bNAb_Combinations|1314040|sample|7|nan|4166",1,0.00138882505386538,1.74625019870951,69.935169954822,0.216690859764076,0.189334970729601
"130_bNAb_Combinations|1314040|sample|8|nan|4166",1,0.00138882505386538,1.73074095726219,66.6709446342776,0.216690859764076,0.189334970729601
"130_bNAb_Combinations|1314040|sample|9|nan|4166",1,0.00138882505386538,1.72882694872209,72.75199306325,0.216690859764076,0.189334970729601
"130_bNAb_Combinations|1314040|vc|1|2|nan|4166",1,0.00138882511222415,0.735520176135854,22.2491011671565,0.216690859764076,0.189334970729601
"130_bNAb_Combinations|1314040|vc|2|2|nan|4166",1,0.00138882511222415,0.735520213856732,22.2490924038328,0.216690859764076,0.189334970729601
"130_bNAb_Combinations|1314040|vc|3|2|nan|4166",1,0.00138882511222415,0.735520215817682,22.2490962327621,0.216690859764076,0.189334970729601
"130_bNAb_Combinations|1314040|vc|4|2|nan|4166",1,0.00138882511222415,0.735520063096934,22.2490958840406,0.216690859764076,0.189334970729601
"130_bNAb_Combinations|1314040|vc|5|2|nan|4166",1,0.00138882511222415,0.735520158445888,22.2490849343168,0.216690859764076,0.189334970729601
"130_bNAb_Combinations|1314040|vc|6|2|nan|4166",1,0.00138882511222415,0.73552021151759,22.249085453594,0.216690859764076,0.189334970729601
"130_bNAb_Combinations|1314040|vc|7|2|nan|4166",1,0.00138882511222415,0.735520186371094,22.2491050150774,0.216690859764076,0.189334970729601
"130_bNAb_Combinations|1314040|vc|8|2|nan|4166",1,0.00138882511222415,0.735520145961557,22.249083530637,0.216690859764076,0.189334970729601
"130_bNAb_Combinations|1314058|cc|1|1|nan|2944",1,0.00138882511222415,0.735520162262075,22.2490990743899,0.216594842884571,0.189334967169923
"130_bNAb_Combinations|1314058|cc|2|1|nan|2944",1,0.00138882511222415,0.735520155919324,22.2490912205346,0.216594842884571,0.189334967169923
"130_bNAb_Combinations|1314058|cc|3|1|nan|2944",1,0.00138882511222415,0.73552024969993,22.2490855734241,0.216594842884571,0.189334967169923
"130_bNAb_Combinations|1314058|cc|4|1|nan|2944",1,0.00138882511222415,0.735520236150231,22.2490851662365,0.216594842884571,0.189334967169923
"130_bNAb_Combinations|1314058|cc|5|1|nan|2944",1,0.00138882511222415,0.735520252018272,22.2490950825373,0.216594842884571,0.189334967169923
"130_bNAb_Combinations|1314058|cc|6|1|nan|2944",1,0.00138882511222415,0.735520144672143,22.2490883703747,0.216594842884571,0.189334967169923
"130_bNAb_Combinations|1314058|cc|7|1|nan|2944",1,0.00138882511222415,0.735520274565524,22.2490898421969,0.216594842884571,0.189334967169923
"130_bNAb_Combinations|1314058|cc|8|1|nan|2944",1,0.00138882511222415,0.735520174903443,22.2490893528837,0.216594842884571,0.189334967169923
"130_bNAb_Combinations|1314058|sample|10|nan|2944",1,0.00138882505386538,1.81610984995421,69.1023281828204,0.216594842884571,0.189334967169923
"130_bNAb_Combinations|1314058|sample|11|nan|2944",1,0.00138882505386538,1.72749689995319,11.2657286192004,0.216594842884571,0.189334967169923
"130_bNAb_Combinations|1314058|sample|12|nan|2944",1,0.00138882505386538,1.44945288596555,14.5371909021066,0.216594842884571,0.189334967169923
"130_bNAb_Combinations|1314058|sample|3|nan|2944",1,0.00138882505386538,1.58454313209757,466.101338050381,0.216594842884571,0.189334967169923
"130_bNAb_Combinations|1314058|sample|4|nan|2944",1,0.00138882505386538,1.40654189979796,565.420782663073,0.216594842884571,0.189334967169923
"130_bNAb_Combinations|1314058|sample|5|nan|2944",1,0.00138882505386538,1.12817029860929,888.730314176302,0.216594842884571,0.189334967169923
"130_bNAb_Combinations|1314058|sample|6|nan|2944",1,0.00138882505386538,1.22466011119416,1058.6347219112,0.216594842884571,0.189334967169923
"130_bNAb_Combinations|1314058|sample|7|nan|2944",1,0.00138882505386538,1.35076020747893,106.274425237802,0.216594842884571,0.189334967169923
"130_bNAb_Combinations|1314058|sample|8|nan|2944",1,0.00138882505386538,1.82993342488882,57.5516361370206,0.216594842884571,0.189334967169923
"130_bNAb_Combinations|1314058|sample|9|nan|2944",1,0.00138882505386538,1.72816560110867,80.1820937733219,0.216594842884571,0.189334967169923
"130_bNAb_Combinations|1314058|vc|1|2|nan|2944",1,0.00138882511222415,0.735520154612351,22.249102400132,0.216594842884571,0.189334967169923
"130_bNAb_Combinations|1314058|vc|2|2|nan|2944",1,0.00138882511222415,0.735520170980176,22.2490864772004,0.216594842884571,0.189334967169923
"130_bNAb_Combinations|1314058|vc|3|2|nan|2944",1,0.00138882511222415,0.735520137173293,22.2490894253862,0.216594842884571,0.189334967169923
"130_bNAb_Combinations|1314058|vc|4|2|nan|2944",1,0.00138882511222415,0.735520151452397,22.2490898026545,0.216594842884571,0.189334967169923
"130_bNAb_Combinations|1314058|vc|5|2|nan|2944",1,0.00138882511222415,0.735520135799756,22.2490885348015,0.216594842884571,0.189334967169923
"130_bNAb_Combinations|1314058|vc|6|2|nan|2944",1,0.00138882511222415,0.735520222928365,22.2490999286127,0.216594842884571,0.189334967169923
"130_bNAb_Combinations|1314058|vc|7|2|nan|2944",1,0.00138882511222415,0.735520152745166,22.2490901036688,0.216594842884571,0.189334967169923
"130_bNAb_Combinations|1314058|vc|8|2|nan|2944",1,0.00138882511222415,0.735520178838129,22.2491040853089,0.216594842884571,0.189334967169923
"130_bNAb_Combinations|1342240|cc|1|1|nan|1798",1,0.00138882511222415,0.735520157425633,22.2490903761991,0.216577051196233,0.189334967715448
"130_bNAb_Combinations|1342240|cc|2|1|nan|1798",1,0.00138882511222415,0.735520204352477,22.2491026267703,0.216577051196233,0.189334967715448
"130_bNAb_Combinations|1342240|cc|3|1|nan|1798",1,0.00138882511222415,0.735520223361991,22.2491011685258,0.216577051196233,0.189334967715448
"130_bNAb_Combinations|1342240|cc|4|1|nan|1798",1,0.00138882511222415,0.735520180440395,22.2491016548434,0.216577051196233,0.189334967715448
"130_bNAb_Combinations|1342240|cc|5|1|nan|1798",1,0.00138882511222415,0.735520301901355,22.2490836291438,0.216577051196233,0.189334967715448
"130_bNAb_Combinations|1342240|cc|6|1|nan|1798",1,0.00138882511222415,0.735520235056876,22.2491031754571,0.216577051196233,0.189334967715448
"130_bNAb_Combinations|1342240|cc|7|1|nan|1798",1,0.00138882511222415,0.73552023033282,22.2490904119787,0.216577051196233,0.189334967715448
"130_bNAb_Combinations|1342240|cc|8|1|nan|1798",1,0.00138882511222415,0.735520269092867,22.2490851795665,0.216577051196233,0.189334967715448
"130_bNAb_Combinations|1342240|sample|10|nan|1798",1,0.00138882505386538,1.61713360419376,6.25505662356069,0.216577051196233,0.189334967715448
"130_bNAb_Combinations|1342240|sample|11|nan|1798",1,0.00138882505386538,1.75341080443854,8.26493807873546,0.216577051196233,0.189334967715448
"130_bNAb_Combinations|1342240|sample|12|nan|1798",1,0.00138882505386538,1.59997934345958,9.43582947539473,0.216577051196233,0.189334967715448
"130_bNAb_Combinations|1342240|sample|3|nan|1798",1,0.00138882505386538,1.97994214159956,1.88217508112809,0.216577051196233,0.189334967715448
"130_bNAb_Combinations|1342240|sample|4|nan|1798",1,0.00138882505386538,2.06231550602545,1.87847363245521,0.216577051196233,0.189334967715448
"130_bNAb_Combinations|1342240|sample|5|nan|1798",1,0.00138882505386538,1.73270278478484,2.84463771414354,0.216577051196233,0.189334967715448
"130_bNAb_Combinations|1342240|sample|6|nan|1798",1,0.00138882505386538,1.70400005873569,2.95230089986816,0.216577051196233,0.189334967715448
"130_bNAb_Combinations|1342240|sample|7|nan|1798",1,0.00138882505386538,1.45139900188788,4.51257237973546,0.216577051196233,0.189334967715448
"130_bNAb_Combinations|1342240|sample|8|nan|1798",1,0.00138882505386538,1.51325917076823,4.32775865610948,0.216577051196233,0.189334967715448
"130_bNAb_Combinations|1342240|sample|9|nan|1798",1,0.00138882505386538,1.71404118436006,4.98260542996459,0.216577051196233,0.189334967715448
"130_bNAb_Combinations|1342240|vc|1|2|nan|1798",1,0.00138882511222415,0.735520226543064,22.2490954684664,0.216577051196233,0.189334967715448
"130_bNAb_Combinations|1342240|vc|2|2|nan|1798",1,0.00138882511222415,0.735520218351146,22.2490956162132,0.216577051196233,0.189334967715448
"130_bNAb_Combinations|1342240|vc|3|2|nan|1798",1,0.00138882511222415,0.735520183252872,22.2491014734368,0.216577051196233,0.189334967715448
"130_bNAb_Combinations|1342240|vc|4|2|nan|1798",1,0.00138882511222415,0.735520115834443,22.2490899527844,0.216577051196233,0.189334967715448
"130_bNAb_Combinations|1342240|vc|5|2|nan|1798",1,0.00138882511222415,0.735520161605569,22.2490854778689,0.216577051196233,0.189334967715448
"130_bNAb_Combinations|1342240|vc|6|2|nan|1798",1,0.00138882511222415,0.735520163863689,22.249086428549,0.216577051196233,0.189334967715448
"130_bNAb_Combinations|1342240|vc|7|2|nan|1798",1,0.00138882511222415,0.735520113156079,22.2490937366085,0.216577051196233,0.189334967715448
"130_bNAb_Combinations|1342240|vc|8|2|nan|1798",1,0.00138882511222415,0.735520180588246,22.2490870203164,0.216577051196233,0.189334967715448
"130_bNAb_Combinations|1342258|cc|1|1|TRO.11|8301",1,0.00138882511222415,0.735520221140738,22.249102942104,0.216608923849064,0.189340164255981
"130_bNAb_Combinations|1342258|cc|2|1|TRO.11|8301",1,0.00138882511222415,0.735520210124868,22.2490996849363,0.216608923849064,0.189340164255981
"130_bNAb_Combinations|1342258|cc|3|1|TRO.11|8301",1,0.00138882511222415,0.735520185639354,22.2490961793583,0.216608923849064,0.189340164255981
"130_bNAb_Combinations|1342258|cc|4|1|TRO.11|8301",1,0.00138882511222415,0.735520266915326,22.2490983868709,0.216608923849064,0.189340164255981
"130_bNAb_Combinations|1342258|cc|5|1|TRO.11|8301",1,0.00138882511222415,0.735520200634196,22.2490985471281,0.216608923849064,0.189340164255981
"130_bNAb_Combinations|1342258|cc|6|1|TRO.11|8301",1,0.00138882511222415,0.73552026063891,22.2490929230913,0.216608923849064,0.189340164255981
"130_bNAb_Combinations|1342258|cc|7|1|TRO.11|8301",1,0.00138882511222415,0.735520163170597,22.2491022406561,0.216608923849064,0.189340164255981
"130_bNAb_Combinations|1342258|cc|8|1|TRO.11|8301",1,0.00138882511222415,0.735520173207603,22.2490839283316,0.216608923849064,0.189340164255981
"130_bNAb_Combinations|1342258|sample|10|TRO.11|8301",1,0.00138882505386538,1.71050694768175,15.7787570542728,0.216608923849064,0.189340164255981
"130_bNAb_Combinations|1342258|sample|11|TRO.11|8301",1,0.00138882505386538,1.62408013559725,25.2330378256129,0.216608923849064,0.189340164255981
"130_bNAb_Combinations|1342258|sample|12|TRO.11|8301",1,0.00138882505386538,1.53301199961158,33.0893161589371,0.216608923849064,0.189340164255981
"130_bNAb_Combinations|1342258|sample|3|TRO.11|8301",1,0.00138882505386538,1.87526354212163,8.29205003146571,0.216608923849064,0.189340164255981
"130_bNAb_Combinations|1342258|sample|4|TRO.11|8301",1,0.00138882505386538,1.76847949732796,8.12957599994046,0.216608923849064,0.189340164255981
"130_bNAb_Combinations|1342258|sample|5|TRO.11|8301",1,0.00138882505386538,1.96016834339398,6.53290130802923,0.216608923849064,0.189340164255981
"130_bNAb_Combinations|1342258|sample|6|TRO.11|8301",1,0.00138882505386538,1.84892980662639,6.62654124256331,0.216608923849064,0.189340164255981
"130_bNAb_Combinations|1342258|sample|7|TRO.11|8301",1,0.00138882505386538,1.78903389838568,7.05083730441203,0.216608923849064,0.189340164255981
"130_bNAb_Combinations|1342258|sample|8|TRO.11|8301",1,0.00138882505386538,1.75950097669856,7.03338371810068,0.216608923849064,0.189340164255981
"130_bNAb_Combinations|1342258|sample|9|TRO.11|8301",1,0.00138882505386538,1.67320003934638,15.2375391786489,0.216608923849064,0.189340164255981
"130_bNAb_Combinations|1342258|vc|1|2|TRO.11|8301",1,0.00138882511222415,0.735520249687969,22.2490909163844,0.216608923849064,0.189340164255981
"130_bNAb_Combinations|1342258|vc|2|2|TRO.11|8301",1,0.00138882511222415,0.735520248255929,22.2490996995578,0.216608923849064,0.189340164255981
"130_bNAb_Combinations|1342258|vc|3|2|TRO.11|8301",1,0.00138882511222415,0.735520170124568,22.2490915684138,0.216608923849064,0.189340164255981
"130_bNAb_Combinations|1342258|vc|4|2|TRO.11|8301",1,0.00138882511222415,0.735520220869875,22.2491033523905,0.216608923849064,0.189340164255981
"130_bNAb_Combinations|1342258|vc|5|2|TRO.11|8301",1,0.00138882511222415,0.735520243532447,22.2490957462258,0.216608923849064,0.189340164255981
"130_bNAb_Combinations|1342258|vc|6|2|TRO.11|8301",1,0.00138882511222415,0.735520086886372,22.2490951545234,0.216608923849064,0.189340164255981
"130_bNAb_Combinations|1342258|vc|7|2|TRO.11|8301",1,0.00138882511222415,0.73552015297254,22.2490937719933,0.216608923849064,0.189340164255981
"130_bNAb_Combinations|1342258|vc|8|2|TRO.11|8301",1,0.00138882511222415,0.735520284528448,22.2490971399059,0.216608923849064,0.189340164255981
"130_bNAb_Combinations|1342276|cc|1|1|Ce1176_A3|7023",1,0.00138882511222415,0.735520081981775,22.2490882040411,0.216579559547643,0.189334970379166
"130_bNAb_Combinations|1342276|cc|2|1|Ce1176_A3|7023",1,0.00138882511222415,0.735520281746863,22.2490905549782,0.216579559547643,0.189334970379166
"130_bNAb_Combinations|1342276|cc|3|1|Ce1176_A3|7023",1,0.00138882511222415,0.735520112540979,22.2491061827456,0.216579559547643,0.189334970379166
"130_bNAb_Combinations|1342276|cc|4|1|Ce1176_A3|7023",1,0.00138882511222415,0.735520258541417,22.2490931178334,0.216579559547643,0.189334970379166
"130_bNAb_Combinations|1342276|cc|5|1|Ce1176_A3|7023",1,0.00138882511222415,0.73552020780196,22.2490847768601,0.216579559547643,0.189334970379166
"130_bNAb_Combinations|1342276|cc|6|1|Ce1176_A3|7023",1,0.00138882511222415,0.735520155216734,22.2491067182705,0.216579559547643,0.189334970379166
"130_bNAb_Combinations|1342276|cc|7|1|Ce1176_A3|7023",1,0.00138882511222415,0.735520162205413,22.2490829887262,0.216579559547643,0.189334970379166
"130_bNAb_Combinations|1342276|cc|8|1|Ce1176_A3|7023",1,0.00138882511222415,0.735520227358878,22.2490992527836,0.216579559547643,0.189334970379166
"130_bNAb_Combinations|1342276|sample|10|Ce1176_A3|7023",1,0.00138882505386538,1.56492682023407,12.2902683361741,0.216579559547643,0.189334970379166
"130_bNAb_Combinations|1342276|sample|11|Ce1176_A3|7023",1,0.00138882505386538,1.62891377567468,19.6578850026523,0.216579559547643,0.189334970379166
"130_bNAb_Combinations|1342276|sample|12|Ce1176_A3|7023",1,0.00138882505386538,1.46102979696111,30.8504781490167,0.216579559547643,0.189334970379166
"130_bNAb_Combinations|1342276|sample|3|Ce1176_A3|7023",1,0.00138882505386538,1.94567973417666,2.63496451555062,0.216579559547643,0.189334970379166
"130_bNAb_Combinations|1342276|sample|4|Ce1176_A3|7023",1,0.00138882505386538,1.85941438279617,2.5848161109443,0.216579559547643,0.189334970379166
"130_bNAb_Combinations|1342276|sample|5|Ce1176_A3|7023",1,0.00138882505386538,1.56937695608151,4.06454081328582,0.216579559547643,0.189334970379166
"130_bNAb_Combinations|1342276|sample|6|Ce1176_A3|7023",1,0.00138882505386538,1.60054252770099,3.93806047642652,0.216579559547643,0.189334970379166
"130_bNAb_Combinations|1342276|sample|7|Ce1176_A3|7023",1,0.00138882505386538,1.59023581372213,3.73294300156479,0.216579559547643,0.189334970379166
"130_bNAb_Combinations|1342276|sample|8|Ce1176_A3|7023",1,0.00138882505386538,1.53490038558971,4.32773782831894,0.216579559547643,0.189334970379166
"130_bNAb_Combinations|1342276|sample|9|Ce1176_A3|7023",1,0.00138882505386538,1.77787272442844,10.000407560039,0.216579559547643,0.189334970379166
"130_bNAb_Combinations|1342276|vc|1|2|Ce1176_A3|7023",1,0.00138882511222415,0.735520183487133,22.2490900977727,0.216579559547643,0.189334970379166
"130_bNAb_Combinations|1342276|vc|2|2|Ce1176_A3|7023",1,0.00138882511222415,0.7355202042495,22.2490883214609,0.216579559547643,0.189334970379166
"130_bNAb_Combinations|1342276|vc|3|2|Ce1176_A3|7023",1,0.00138882511222415,0.735520208875324,22.249084181361,0.216579559547643,0.189334970379166
"130_bNAb_Combinations|1342276|vc|4|2|Ce1176_A3|7023",1,0.00138882511222415,0.73552015373929,22.2490970647359,0.216579559547643,0.189334970379166
"130_bNAb_Combinations|1342276|vc|5|2|Ce1176_A3|7023",1,0.00138882511222415,0.73552018713688,22.2490881560979,0.216579559547643,0.189334970379166
"130_bNAb_Combinations|1342276|vc|6|2|Ce1176_A3|7023",1,0.00138882511222415,0.735520261939114,22.2490986136179,0.216579559547643,0.189334970379166
"130_bNAb_Combinations|1342276|vc|7|2|Ce1176_A3|7023",1,0.00138882511222415,0.735520167002629,22.2491011646057,0.216579559547643,0.189334970379166
"130_bNAb_Combinations|1342276|vc|8|2|Ce1176_A3|7023",1,0.00138882511222415,0.735520163438399,22.2490856624897,0.216579559547643,0.189334970379166
"130_bNAb_Combinations|1342294|cc|1|1|nan|1176",1,0.00138882511222415,0.735520161956094,22.2491002062292,0.21659173401834,0.189334970612717
"130_bNAb_Combinations|1342294|cc|2|1|nan|1176",1,0.00138882511222415,0.735520242660099,22.2491066659076,0.21659173401834,0.189334970612717
"130_bNAb_Combinations|1342294|cc|3|1|nan|1176",1,0.00138882511222415,0.735520237732755,22.2491010348621,0.21659173401834,0.189334970612717
"130_bNAb_Combinations|1342294|cc|4|1|nan|1176",1,0.00138882511222415,0.735520172379204,22.249085592492,0.21659173401834,0.189334970612717
"130_bNAb_Combinations|1342294|cc|5|1|nan|1176",1,0.00138882511222415,0.735520267768724,22.2490908147984,0.21659173401834,0.189334970612717
"130_bNAb_Combinations|1342294|cc|6|1|nan|1176",1,0.00138882511222415,0.735520208090102,22.249099125452,0.21659173401834,0.189334970612717
"130_bNAb_Combinations|1342294|cc|7|1|nan|1176",1,0.00138882511222415,0.735520097772704,22.2490927271447,0.21659173401834,0.189334970612717
"130_bNAb_Combinations|1342294|cc|8|1|nan|1176",1,0.00138882511222415,0.73552022920535,22.2490873203798,0.21659173401834,0.189334970612717
"130_bNAb_Combinations|1342294|sample|10|nan|1176",1,0.00138882505386538,1.42135150810596,12.759150989837,0.21659173401834,0.189334970612717
"130_bNAb_Combinations|1342294|sample|11|nan|1176",1,0.00138882505386538,1.52206759032199,13.2288606070305,0.21659173401834,0.189334970612717
"130_bNAb_Combinations|1342294|sample|12|nan|1176",1,0.00138882505386538,1.25010138445392,21.5258907166766,0.21659173401834,0.189334970612717
"130_bNAb_Combinations|1342294|sample|3|nan|1176",1,0.00138882505386538,1.31699579430509,24.2436678800033,0.21659173401834,0.189334970612717
"130_bNAb_Combinations|1342294|sample|4|nan|1176",1,0.00138882505386538,1.61159468220628,16.1187837184925,0.21659173401834,0.189334970612717
"130_bNAb_Combinations|1342294|sample|5|nan|1176",1,0.00138882505386538,1.35270393212492,25.6241247797275,0.21659173401834,0.189334970612717
"130_bNAb_Combinations|1342294|sample|6|nan|1176",1,0.00138882505386538,1.5253802324664,26.0325542441331,0.21659173401834,0.189334970612717
"130_bNAb_Combinations|1342294|sample|7|nan|1176",1,0.00138882505386538,1.47862036142642,34.1069163204719,0.21659173401834,0.189334970612717
"130_bNAb_Combinations|1342294|sample|8|nan|1176",1,0.00138882505386538,1.27848440024908,33.0673374361583,0.21659173401834,0.189334970612717
"130_bNAb_Combinations|1342294|sample|9|nan|1176",1,0.00138882505386538,1.52746141678972,12.351274223951,0.21659173401834,0.189334970612717
"130_bNAb_Combinations|1342294|vc|1|2|nan|1176",1,0.00138882511222415,0.73552014069411,22.2490888917216,0.21659173401834,0.189334970612717
"130_bNAb_Combinations|1342294|vc|2|2|nan|1176",1,0.00138882511222415,0.735520194785664,22.2490869909372,0.21659173401834,0.189334970612717
"130_bNAb_Combinations|1342294|vc|3|2|nan|1176",1,0.00138882511222415,0.735520237744704,22.2490836094547,0.21659173401834,0.189334970612717
"130_bNAb_Combinations|1342294|vc|4|2|nan|1176",1,0.00138882511222415,0.735520244304029,22.2490946844527,0.21659173401834,0.189334970612717
"130_bNAb_Combinations|1342294|vc|5|2|nan|1176",1,0.00138882511222415,0.735520247444143,22.2490909895904,0.21659173401834,0.189334970612717
"130_bNAb_Combinations|1342294|vc|6|2|nan|1176",1,0.00138882511222415,0.735520205069814,22.2490977329795,0.21659173401834,0.189334970612717
"130_bNAb_Combinations|1342294|vc|7|2|nan|1176",1,0.00138882511222415,0.735520296411176,22.2490823792213,0.21659173401834,0.189334970612717
"130_bNAb_Combinations|1342294|vc|8|2|nan|1176",1,0.00138882511222415,0.735520202596112,22.2491028384758,0.21659173401834,0.189334970612717
"130_bNAb_Combinations|1342312|cc|1|1|RHPA4259.7|5371",1,0.00138882511222415,0.73552020752597,22.2490846200722,0.216594821953066,0.18933499989967
"130_bNAb_Combinations|1342312|cc|2|1|RHPA4259.7|5371",1,0.00138882511222415,0.735520115074578,22.2491003225412,0.216594821953066,0.18933499989967
"130_bNAb_Combinations|1342312|cc|3|1|RHPA4259.7|5371",1,0.00138882511222415,0.73552015657417,22.249086079441,0.216594821953066,0.18933499989967
"130_bNAb_Combinations|1342312|cc|4|1|RHPA4259.7|5371",1,0.00138882511222415,0.735520200412946,22.2490969661868,0.216594821953066,0.18933499989967
"130_bNAb_Combinations|1342312|cc|5|1|RHPA4259.7|5371",1,0.00138882511222415,0.735520204708771,22.2490890934991,0.216594821953066,0.18933499989967
"130_bNAb_Combinations|1342312|cc|6|1|RHPA4259.7|5371",1,0.00138882511222415,0.735520254954465,22.249094398193,0.216594821953066,0.18933499989967
"130_bNAb_Combinations|1342312|cc|7|1|RHPA4259.7|5371",1,0.00138882511222415,0.735520173983635,22.2491006836382,0.216594821953066,0.18933499989967
"130_bNAb_Combinations|1342312|cc|8|1|RHPA4259.7|5371",1,0.00138882511222415,0.735520158763355,22.2491009329368,0.216594821953066,0.18933499989967
"130_bNAb_Combinations|1342312|sample|10|RHPA4259.7|5371",1,0.00138882505386538,1.76294540401524,35.6990844784217,0.216594821953066,0.18933499989967
"130_bNAb_Combinations|1342312|sample|11|RHPA4259.7|5371",1,0.00138882505386538,1.4827410244932,63.6895195849605,0.216594821953066,0.18933499989967
"130_bNAb_Combinations|1342312|sample|12|RHPA4259.7|5371",1,0.00138882505386538,1.53619533219187,63.033162492191,0.216594821953066,0.18933499989967
"130_bNAb_Combinations|1342312|sample|3|RHPA4259.7|5371",1,0.00138882505386538,1.76268793659506,28.7217059619375,0.216594821953066,0.18933499989967
"130_bNAb_Combinations|1342312|sample|4|RHPA4259.7|5371",1,0.00138882505386538,1.83977569356099,29.9934459059466,0.216594821953066,0.18933499989967
"130_bNAb_Combinations|1342312|sample|5|RHPA4259.7|5371",1,0.00138882505386538,1.92892613246701,24.8856560995069,0.216594821953066,0.18933499989967
"130_bNAb_Combinations|1342312|sample|6|RHPA4259.7|5371",1,0.00138882505386538,1.84618484861324,27.996068454754,0.216594821953066,0.18933499989967
"130_bNAb_Combinations|1342312|sample|7|RHPA4259.7|5371",1,0.00138882505386538,1.67733514470249,28.7259662624791,0.216594821953066,0.18933499989967
"130_bNAb_Combinations|1342312|sample|8|RHPA4259.7|5371",1,0.00138882505386538,1.64424116845465,29.5097880924227,0.216594821953066,0.18933499989967
"130_bNAb_Combinations|1342312|sample|9|RHPA4259.7|5371",1,0.00138882505386538,2.03086662137492,30.2058269926375,0.216594821953066,0.18933499989967
"130_bNAb_Combinations|1342312|vc|1|2|RHPA4259.7|5371",1,0.00138882511222415,0.73552026660675,22.2490947733367,0.216594821953066,0.18933499989967
"130_bNAb_Combinations|1342312|vc|2|2|RHPA4259.7|5371",1,0.00138882511222415,0.735520197018287,22.2490876464021,0.216594821953066,0.18933499989967
"130_bNAb_Combinations|1342312|vc|3|2|RHPA4259.7|5371",1,0.00138882511222415,0.735520191246176,22.2491005806535,0.216594821953066,0.18933499989967
"130_bNAb_Combinations|1342312|vc|4|2|RHPA4259.7|5371",1,0.00138882511222415,0.735520139487055,22.2490835766489,0.216594821953066,0.18933499989967
"130_bNAb_Combinations|1342312|vc|5|2|RHPA4259.7|5371",1,0.00138882511222415,0.735520318991856,22.2490988690752,0.216594821953066,0.18933499989967
"130_bNAb_Combinations|1342312|vc|6|2|RHPA4259.7|5371",1,0.00138882511222415,0.735520258288273,22.2490919390263,0.216594821953066,0.18933499989967
"130_bNAb_Combinations|1342312|vc|7|2|RHPA4259.7|5371",1,0.00138882511222415,0.735520258382237,22.2490931785198,0.216594821953066,0.18933499989967
"130_bNAb_Combinations|1342312|vc|8|2|RHPA4259.7|5371",1,0.00138882511222415,0.735520151259749,22.2490890911787,0.216594821953066,0.18933499989967
"130_bNAb_Combinations|1342336|cc|1|1|nan|3430",1,0.00138882511222415,0.735520222936257,22.2491078697225,0.274221114746363,0.189334970565989
"130_bNAb_Combinations|1342336|cc|2|1|nan|3430",1,0.00138882511222415,0.735520129834978,22.2491038454665,0.274221114746363,0.189334970565989
"130_bNAb_Combinations|1342336|cc|3|1|nan|3430",1,0.00138882511222415,0.735520117791922,22.2490886567212,0.274221114746363,0.189334970565989
"130_bNAb_Combinations|1342336|cc|4|1|nan|3430",1,0.00138882511222415,0.735520165192915,22.2490973305736,0.274221114746363,0.189334970565989
"130_bNAb_Combinations|1342336|cc|5|1|nan|3430",1,0.00138882511222415,0.73552010721614,22.2490969749876,0.274221114746363,0.189334970565989
"130_bNAb_Combinations|1342336|cc|6|1|nan|3430",1,0.00138882511222415,0.735520238711088,22.2491039144011,0.274221114746363,0.189334970565989
"130_bNAb_Combinations|1342336|cc|7|1|nan|3430",1,0.00138882511222415,0.735520236106864,22.2491034253839,0.274221114746363,0.189334970565989
"130_bNAb_Combinations|1342336|cc|8|1|nan|3430",1,0.00138882511222415,0.735520224018665,22.2491032186692,0.274221114746363,0.189334970565989
"130_bNAb_Combinations|1342336|sample|10|nan|3430",1,0.00138882505386538,1.47620130894067,23.4059328075789,0.274221114746363,0.189334970565989
"130_bNAb_Combinations|1342336|sample|11|nan|3430",1,0.00138882505386538,1.49970231990593,35.0597653947317,0.274221114746363,0.189334970565989
"130_bNAb_Combinations|1342336|sample|12|nan|3430",1,0.00138882505386538,1.78403859259445,23.8353129996456,0.274221114746363,0.189334970565989
"130_bNAb_Combinations|1342336|sample|3|nan|3430",1,0.00138882505386538,1.88276401906539,17.6088471338862,0.274221114746363,0.189334970565989
"130_bNAb_Combinations|1342336|sample|4|nan|3430",1,0.00138882505386538,2.00184539364251,15.6241141821052,0.274221114746363,0.189334970565989
"130_bNAb_Combinations|1342336|sample|5|nan|3430",1,0.00138882505386538,1.36201424419918,81.9074962765628,0.274221114746363,0.189334970565989
"130_bNAb_Combinations|1342336|sample|6|nan|3430",1,0.00138882505386538,1.23536049541251,121.466048971999,0.274221114746363,0.189334970565989
"130_bNAb_Combinations|1342336|sample|7|nan|3430",1,0.00138882505386538,1.08362380749253,406.269903351946,0.274221114746363,0.189334970565989
"130_bNAb_Combinations|1342336|sample|8|nan|3430",1,0.00138882505386538,1.47614153923162,158.901161623227,0.274221114746363,0.189334970565989
"130_bNAb_Combinations|1342336|sample|9|nan|3430",1,0.00138882505386538,1.57170478834707,21.1081775476552,0.274221114746363,0.189334970565989
"130_bNAb_Combinations|1342336|vc|1|2|nan|3430",1,0.00138882511222415,0.735520234199528,22.2491013575495,0.274221114746363,0.189334970565989
"130_bNAb_Combinations|1342336|vc|2|2|nan|3430",1,0.00138882511222415,0.735520218198642,22.249102135552,0.274221114746363,0.189334970565989
"130_bNAb_Combinations|1342336|vc|3|2|nan|3430",1,0.00138882511222415,0.735520241270607,22.2490896437904,0.274221114746363,0.189334970565989
"130_bNAb_Combinations|1342336|vc|4|2|nan|3430",1,0.00138882511222415,0.735520095982397,22.2490995037883,0.274221114746363,0.189334970565989
"130_bNAb_Combinations|1342336|vc|5|2|nan|3430",1,0.00138882511222415,0.735520269476674,22.2490876541314,0.274221114746363,0.189334970565989
"130_bNAb_Combinations|1342336|vc|6|2|nan|3430",1,0.00138882511222415,0.73552018621214,22.2490851367216,0.274221114746363,0.189334970565989
"130_bNAb_Combinations|1342336|vc|7|2|nan|3430",1,0.00138882511222415,0.735520311961843,22.2490954525322,0.274221114746363,0.189334970565989
"130_bNAb_Combinations|1342336|vc|8|2|nan|3430",1,0.00138882511222415,0.73552017358589,22.2490984295345,0.274221114746363,0.189334970565989
"130_bNAb_Combinations|1342348|cc|1|1|nan|4166",1,0.00138882511222415,0.735520168966668,22.2490894751394,0.309106614463652,0.189334968876225
"130_bNAb_Combinations|1342348|cc|2|1|nan|4166",1,0.00138882511222415,0.735520086492279,22.2490949763379,0.309106614463652,0.189334968876225
"130_bNAb_Combinations|1342348|cc|3|1|nan|4166",1,0.00138882511222415,0.735520116285073,22.2490947051928,0.309106614463652,0.189334968876225
"130_bNAb_Combinations|1342348|cc|4|1|nan|4166",1,0.00138882511222415,0.735520214923762,22.2491031489689,0.309106614463652,0.189334968876225
"130_bNAb_Combinations|1342348|cc|5|1|nan|4166",1,0.00138882511222415,0.735520171910913,22.2490892375896,0.309106614463652,0.189334968876225
"130_bNAb_Combinations|1342348|cc|6|1|nan|4166",1,0.00138882511222415,0.735520145920418,22.2490930897099,0.309106614463652,0.189334968876225
"130_bNAb_Combinations|1342348|cc|7|1|nan|4166",1,0.00138882511222415,0.735520179751401,22.24910131357,0.309106614463652,0.189334968876225
"130_bNAb_Combinations|1342348|cc|8|1|nan|4166",1,0.00138882511222415,0.735520181052758,22.2491008303705,0.309106614463652,0.189334968876225
"130_bNAb_Combinations|1342348|sample|10|nan|4166",1,0.00138882505386538,1.97269388155545,42.1925124289216,0.309106614463652,0.189334968876225
"130_bNAb_Combinations|1342348|sample|11|nan|4166",1,0.00138882505386538,1.54440377635282,95.3038708395683,0.309106614463652,0.189334968876225
"130_bNAb_Combinations|1342348|sample|12|nan|4166",1,0.00138882505386538,1.80158929277344,72.2252339471436,0.309106614463652,0.189334968876225
"130_bNAb_Combinations|1342348|sample|3|nan|4166",1,0.00138882505386538,1.73117599366784,36.8988775392202,0.309106614463652,0.189334968876225
"130_bNAb_Combinations|1342348|sample|4|nan|4166",1,0.00138882505386538,1.81139577483491,38.8514167859927,0.309106614463652,0.189334968876225
"130_bNAb_Combinations|1342348|sample|5|nan|4166",1,0.00138882505386538,1.53672713015731,70.752216354614,0.309106614463652,0.189334968876225
"130_bNAb_Combinations|1342348|sample|6|nan|4166",1,0.00138882505386538,2.03746110640436,46.3344184500902,0.309106614463652,0.189334968876225
"130_bNAb_Combinations|1342348|sample|7|nan|4166",1,0.00138882505386538,1.54428359640383,142.28529136194,0.309106614463652,0.189334968876225
"130_bNAb_Combinations|1342348|sample|8|nan|4166",1,0.00138882505386538,1.75100315542536,79.8957900617929,0.309106614463652,0.189334968876225
"130_bNAb_Combinations|1342348|sample|9|nan|4166",1,0.00138882505386538,1.99415798044445,38.2616356150337,0.309106614463652,0.189334968876225
"130_bNAb_Combinations|1342348|vc|1|2|nan|4166",1,0.00138882511222415,0.735520227900543,22.2490849863725,0.309106614463652,0.189334968876225
"130_bNAb_Combinations|1342348|vc|2|2|nan|4166",1,0.00138882511222415,0.735520297659019,22.2490959296625,0.309106614463652,0.189334968876225
"130_bNAb_Combinations|1342348|vc|3|2|nan|4166",1,0.00138882511222415,0.73552013654584,22.2490907324684,0.309106614463652,0.189334968876225
"130_bNAb_Combinations|1342348|vc|4|2|nan|4166",1,0.00138882511222415,0.735520266405832,22.2490864873531,0.309106614463652,0.189334968876225
"130_bNAb_Combinations|1342348|vc|5|2|nan|4166",1,0.00138882511222415,0.735520139871992,22.2490857406371,0.309106614463652,0.189334968876225
"130_bNAb_Combinations|1342348|vc|6|2|nan|4166",1,0.00138882511222415,0.735520249195837,22.2490927314524,0.309106614463652,0.189334968876225
"130_bNAb_Combinations|1342348|vc|7|2|nan|4166",1,0.00138882511222415,0.735520139818774,22.2490962766872,0.309106614463652,0.189334968876225
"130_bNAb_Combinations|1342348|vc|8|2|nan|4166",1,0.00138882511222415,0.735520216791891,22.2490910836108,0.309106614463652,0.189334968876225
"130_bNAb_Combinations|1342372|cc|1|1|nan|2944",1,0.00138882511222415,0.735520181380658,22.2491013350943,0.296916457334727,0.189334968222913
"130_bNAb_Combinations|1342372|cc|2|1|nan|2944",1,0.00138882511222415,0.735520211201962,22.2490907040594,0.296916457334727,0.189334968222913
"130_bNAb_Combinations|1342372|cc|3|1|nan|2944",1,0.00138882511222415,0.735520239257823,22.2490909391908,0.296916457334727,0.189334968222913
"130_bNAb_Combinations|1342372|cc|4|1|nan|2944",1,0.00138882511222415,0.735520170632959,22.2491077670179,0.296916457334727,0.189334968222913
"130_bNAb_Combinations|1342372|cc|5|1|nan|2944",1,0.00138882511222415,0.735520129853505,22.2490959763484,0.296916457334727,0.189334968222913
"130_bNAb_Combinations|1342372|cc|6|1|nan|2944",1,0.00138882511222415,0.735520260493016,22.2490969853823,0.296916457334727,0.189334968222913
"130_bNAb_Combinations|1342372|cc|7|1|nan|2944",1,0.00138882511222415,0.735520108848415,22.2490963190949,0.296916457334727,0.189334968222913
"130_bNAb_Combinations|1342372|cc|8|1|nan|2944",1,0.00138882511222415,0.735520097863766,22.2490962524122,0.296916457334727,0.189334968222913
"130_bNAb_Combinations|1342372|sample|10|nan|2944",1,0.00138882505386538,1.94339231001792,21.7028462140357,0.296916457334727,0.189334968222913
"130_bNAb_Combinations|1342372|sample|11|nan|2944",1,0.00138882505386538,1.51090451175472,49.5819224789607,0.296916457334727,0.189334968222913
"130_bNAb_Combinations|1342372|sample|12|nan|2944",1,0.00138882505386538,1.63957754641311,40.1859071366195,0.296916457334727,0.189334968222913
"130_bNAb_Combinations|1342372|sample|3|nan|2944",1,0.00138882505386538,1.57140113228072,11.2555419796957,0.296916457334727,0.189334968222913
"130_bNAb_Combinations|1342372|sample|4|nan|2944",1,0.00138882505386538,1.64052101267245,12.4651455218784,0.296916457334727,0.189334968222913
"130_bNAb_Combinations|1342372|sample|5|nan|2944",1,0.00138882505386538,1.61714158323621,114.343161307251,0.296916457334727,0.189334968222913
"130_bNAb_Combinations|1342372|sample|6|nan|2944",1,0.00138882505386538,1.46090824099315,135.948065174209,0.296916457334727,0.189334968222913
"130_bNAb_Combinations|1342372|sample|7|nan|2944",1,0.00138882505386538,1.11047631825892,996.198529462086,0.296916457334727,0.189334968222913
"130_bNAb_Combinations|1342372|sample|8|nan|2944",1,0.00138882505386538,1.2278381246729,557.732649329172,0.296916457334727,0.189334968222913
"130_bNAb_Combinations|1342372|sample|9|nan|2944",1,0.00138882505386538,1.91564956311776,19.1497365306107,0.296916457334727,0.189334968222913
"130_bNAb_Combinations|1342372|vc|1|2|nan|2944",1,0.00138882511222415,0.735520254303881,22.2490974720002,0.296916457334727,0.189334968222913
"130_bNAb_Combinations|1342372|vc|2|2|nan|2944",1,0.00138882511222415,0.735520197689448,22.2490861458263,0.296916457334727,0.189334968222913
"130_bNAb_Combinations|1342372|vc|3|2|nan|2944",1,0.00138882511222415,0.735520181139741,22.2490885698891,0.296916457334727,0.189334968222913
"130_bNAb_Combinations|1342372|vc|4|2|nan|2944",1,0.00138882511222415,0.735520227518513,22.2490881836542,0.296916457334727,0.189334968222913
"130_bNAb_Combinations|1342372|vc|5|2|nan|2944",1,0.00138882511222415,0.735520149811824,22.2490995174369,0.296916457334727,0.189334968222913
"130_bNAb_Combinations|1342372|vc|6|2|nan|2944",1,0.00138882511222415,0.735520140857423,22.2490952161835,0.296916457334727,0.189334968222913
"130_bNAb_Combinations|1342372|vc|7|2|nan|2944",1,0.00138882511222415,0.735520140892468,22.2490982466442,0.296916457334727,0.189334968222913
"130_bNAb_Combinations|1342372|vc|8|2|nan|2944",1,0.00138882511222415,0.735520203882058,22.2490857531241,0.296916457334727,0.189334968222913
"130_bNAb_Combinations|1342384|cc|1|1|nan|2946",1,0.00138882511222415,0.735520214784316,22.2490978912894,0.216620741022474,0.189334970609955
"130_bNAb_Combinations|1342384|cc|2|1|nan|2946",1,0.00138882511222415,0.735520219563884,22.2490906559336,0.216620741022474,0.189334970609955
"130_bNAb_Combinations|1342384|cc|3|1|nan|2946",1,0.00138882511222415,0.735520242833321,22.2490879610408,0.216620741022474,0.189334970609955
"130_bNAb_Combinations|1342384|cc|4|1|nan|2946",1,0.00138882511222415,0.735520302669805,22.2490867489525,0.216620741022474,0.189334970609955
"130_bNAb_Combinations|1342384|cc|5|1|nan|2946",1,0.00138882511222415,0.735520211164113,22.2490977085175,0.216620741022474,0.189334970609955
"130_bNAb_Combinations|1342384|cc|6|1|nan|2946",1,0.00138882511222415,0.735520164400949,22.2490973743364,0.216620741022474,0.189334970609955
"130_bNAb_Combinations|1342384|cc|7|1|nan|2946",1,0.00138882511222415,0.735520201344962,22.2491040123651,0.216620741022474,0.189334970609955
"130_bNAb_Combinations|1342384|cc|8|1|nan|2946",1,0.00138882511222415,0.735520025676307,22.2491011565705,0.216620741022474,0.189334970609955
"130_bNAb_Combinations|1342384|sample|10|nan|2946",1,0.00138882505386538,1.60016092933683,2.10379114330047,0.216620741022474,0.189334970609955
"130_bNAb_Combinations|1342384|sample|11|nan|2946",1,0.00138882505386538,1.82552100097892,2.13985660915619,0.216620741022474,0.189334970609955
"130_bNAb_Combinations|1342384|sample|12|nan|2946",1,0.00138882505386538,1.54281343248185,3.13904704090258,0.216620741022474,0.189334970609955
"130_bNAb_Combinations|1342384|sample|3|nan|2946",1,0.00138882505386538,1.6563785053339,1.59260541876484,0.216620741022474,0.189334970609955
"130_bNAb_Combinations|1342384|sample|4|nan|2946",1,0.00138882505386538,1.65221103018565,1.51932329568089,0.216620741022474,0.189334970609955
"130_bNAb_Combinations|1342384|sample|5|nan|2946",1,0.00138882505386538,1.67438002746044,1.60124313872129,0.216620741022474,0.189334970609955
"130_bNAb_Combinations|1342384|sample|6|nan|2946",1,0.00138882505386538,1.59277096961774,1.59696458722116,0.216620741022474,0.189334970609955
"130_bNAb_Combinations|1342384|sample|7|nan|2946",1,0.00138882505386538,1.99005596417933,1.53332098370112,0.216620741022474,0.189334970609955
"130_bNAb_Combinations|1342384|sample|8|nan|2946",1,0.00138882505386538,1.65139072365893,1.72013859089052,0.216620741022474,0.189334970609955
"130_bNAb_Combinations|1342384|sample|9|nan|2946",1,0.00138882505386538,1.60815993028096,1.90167189615399,0.216620741022474,0.189334970609955
"130_bNAb_Combinations|1342384|vc|1|2|nan|2946",1,0.00138882511222415,0.735520204425802,22.2491059421395,0.216620741022474,0.189334970609955
"130_bNAb_Combinations|1342384|vc|2|2|nan|2946",1,0.00138882511222415,0.73552018970471,22.2491000618785,0.216620741022474,0.189334970609955
"130_bNAb_Combinations|1342384|vc|3|2|nan|2946",1,0.00138882511222415,0.735520182250027,22.2490861937981,0.216620741022474,0.189334970609955
"130_bNAb_Combinations|1342384|vc|4|2|nan|2946",1,0.00138882511222415,0.735520191039671,22.249084927666,0.216620741022474,0.189334970609955
"130_bNAb_Combinations|1342384|vc|5|2|nan|2946",1,0.00138882511222415,0.735520163725065,22.2490907422926,0.216620741022474,0.189334970609955
"130_bNAb_Combinations|1342384|vc|6|2|nan|2946",1,0.00138882511222415,0.735520219529295,22.2490846269082,0.216620741022474,0.189334970609955
"130_bNAb_Combinations|1342384|vc|7|2|nan|2946",1,0.00138882511222415,0.735520154680154,22.2491004481277,0.216620741022474,0.189334970609955
"130_bNAb_Combinations|1342384|vc|8|2|nan|2946",1,0.00138882511222415,0.735520316292848,22.2490847398971,0.216620741022474,0.189334970609955
"130_bNAb_Combinations|1342396|cc|1|1|PVO.4|5024",1,0.00138882511222415,0.735520226128925,22.2490865317088,0.216628896718087,0.189334964720139
"130_bNAb_Combinations|1342396|cc|2|1|PVO.4|5024",1,0.00138882511222415,0.735520143182952,22.2491026534084,0.216628896718087,0.189334964720139
"130_bNAb_Combinations|1342396|cc|3|1|PVO.4|5024",1,0.00138882511222415,0.735520187620201,22.2490835952094,0.216628896718087,0.189334964720139
"130_bNAb_Combinations|1342396|cc|4|1|PVO.4|5024",1,0.00138882511222415,0.735520099390269,22.2491004927118,0.216628896718087,0.189334964720139
"130_bNAb_Combinations|1342396|cc|5|1|PVO.4|5024",1,0.00138882511222415,0.735520283631459,22.2490958770226,0.216628896718087,0.189334964720139
"130_bNAb_Combinations|1342396|cc|6|1|PVO.4|5024",1,0.00138882511222415,0.735520159254262,22.2490859997077,0.216628896718087,0.189334964720139
"130_bNAb_Combinations|1342396|cc|7|1|PVO.4|5024",1,0.00138882511222415,0.735520264134793,22.249105574075,0.216628896718087,0.189334964720139
"130_bNAb_Combinations|1342396|cc|8|1|PVO.4|5024",1,0.00138882511222415,0.735520205470467,22.2490889564545,0.216628896718087,0.189334964720139
"130_bNAb_Combinations|1342396|sample|10|PVO.4|5024",1,0.00138882505386538,1.69044782204806,7.12899462479936,0.216628896718087,0.189334964720139
"130_bNAb_Combinations|1342396|sample|11|PVO.4|5024",1,0.00138882505386538,1.75944479910307,7.85871941304108,0.216628896718087,0.189334964720139
"130_bNAb_Combinations|1342396|sample|12|PVO.4|5024",1,0.00138882505386538,1.62830875548103,8.0085983851576,0.216628896718087,0.189334964720139
"130_bNAb_Combinations|1342396|sample|3|PVO.4|5024",1,0.00138882505386538,1.64905639246293,8.27799410817385,0.216628896718087,0.189334964720139
"130_bNAb_Combinations|1342396|sample|4|PVO.4|5024",1,0.00138882505386538,1.64128752379251,7.21890505276877,0.216628896718087,0.189334964720139
"130_bNAb_Combinations|1342396|sample|5|PVO.4|5024",1,0.00138882505386538,1.81444603362967,6.05407705761088,0.216628896718087,0.189334964720139
"130_bNAb_Combinations|1342396|sample|6|PVO.4|5024",1,0.00138882505386538,1.91460266382964,5.84037575953424,0.216628896718087,0.189334964720139
"130_bNAb_Combinations|1342396|sample|7|PVO.4|5024",1,0.00138882505386538,1.69428017610595,5.50238980475377,0.216628896718087,0.189334964720139
"130_bNAb_Combinations|1342396|sample|8|PVO.4|5024",1,0.00138882505386538,1.66096165325248,5.80277711236809,0.216628896718087,0.189334964720139
"130_bNAb_Combinations|1342396|sample|9|PVO.4|5024",1,0.00138882505386538,1.82964568308744,6.83031958302712,0.216628896718087,0.189334964720139
"130_bNAb_Combinations|1342396|vc|1|2|PVO.4|5024",1,0.00138882511222415,0.73552024274097,22.249091884365,0.216628896718087,0.189334964720139
"130_bNAb_Combinations|1342396|vc|2|2|PVO.4|5024",1,0.00138882511222415,0.735520271730459,22.2490983942654,0.216628896718087,0.189334964720139
"130_bNAb_Combinations|1342396|vc|3|2|PVO.4|5024",1,0.00138882511222415,0.735520146509825,22.2490920475322,0.216628896718087,0.189334964720139
"130_bNAb_Combinations|1342396|vc|4|2|PVO.4|5024",1,0.00138882511222415,0.735520193043947,22.2491057159411,0.216628896718087,0.189334964720139
"130_bNAb_Combinations|1342396|vc|5|2|PVO.4|5024",1,0.00138882511222415,0.735520227066175,22.2490939438049,0.216628896718087,0.189334964720139
"130_bNAb_Combinations|1342396|vc|6|2|PVO.4|5024",1,0.00138882511222415,0.735520211374459,22.2490816772825,0.216628896718087,0.189334964720139
"130_bNAb_Combinations|1342396|vc|7|2|PVO.4|5024",1,0.00138882511222415,0.735520223002003,22.2490850655589,0.216628896718087,0.189334964720139
"130_bNAb_Combinations|1342396|vc|8|2|PVO.4|5024",1,0.00138882511222415,0.735520163877303,22.2490939600576,0.216628896718087,0.189334964720139
"130_bNAb_Combinations|1342408|cc|1|1|nan|4168",1,0.00138882511222415,0.735520251834834,22.24909623506,0.216609487432288,0.189334293715192
"130_bNAb_Combinations|1342408|cc|2|1|nan|4168",1,0.00138882511222415,0.735520195143709,22.2491058179566,0.216609487432288,0.189334293715192
"130_bNAb_Combinations|1342408|cc|3|1|nan|4168",1,0.00138882511222415,0.735520201144105,22.2491007820525,0.216609487432288,0.189334293715192
"130_bNAb_Combinations|1342408|cc|4|1|nan|4168",1,0.00138882511222415,0.73552024154482,22.2490922416976,0.216609487432288,0.189334293715192
"130_bNAb_Combinations|1342408|cc|5|1|nan|4168",1,0.00138882511222415,0.735520264285411,22.2490976422892,0.216609487432288,0.189334293715192
"130_bNAb_Combinations|1342408|cc|6|1|nan|4168",1,0.00138882511222415,0.735520187706424,22.249085527469,0.216609487432288,0.189334293715192
"130_bNAb_Combinations|1342408|cc|7|1|nan|4168",1,0.00138882511222415,0.735520326615547,22.2491022959133,0.216609487432288,0.189334293715192
"130_bNAb_Combinations|1342408|cc|8|1|nan|4168",1,0.00138882511222415,0.735520121166386,22.2491090648304,0.216609487432288,0.189334293715192
"130_bNAb_Combinations|1342408|sample|10|nan|4168",1,0.00138882505386538,1.19816523860279,11.7903458464309,0.216609487432288,0.189334293715192
"130_bNAb_Combinations|1342408|sample|11|nan|4168",1,0.00138882505386538,1.181314196001,11.4423749449735,0.216609487432288,0.189334293715192
"130_bNAb_Combinations|1342408|sample|12|nan|4168",1,0.00138882505386538,1.06614305285342,16.5677472876244,0.216609487432288,0.189334293715192
"130_bNAb_Combinations|1342408|sample|3|nan|4168",1,0.00138882505386538,1.13209921246513,6.10157849307121,0.216609487432288,0.189334293715192
"130_bNAb_Combinations|1342408|sample|4|nan|4168",1,0.00138882505386538,1.16498494430453,5.19501240260992,0.216609487432288,0.189334293715192
"130_bNAb_Combinations|1342408|sample|5|nan|4168",1,0.00138882505386538,1.15775135528013,4.81576059787251,0.216609487432288,0.189334293715192
"130_bNAb_Combinations|1342408|sample|6|nan|4168",1,0.00138882505386538,1.09617977419138,4.76224017763861,0.216609487432288,0.189334293715192
"130_bNAb_Combinations|1342408|sample|7|nan|4168",1,0.00138882505386538,1.24020061338099,3.68625215255008,0.216609487432288,0.189334293715192
"130_bNAb_Combinations|1342408|sample|8|nan|4168",1,0.00138882505386538,1.27444605129832,3.91884332965559,0.216609487432288,0.189334293715192
"130_bNAb_Combinations|1342408|sample|9|nan|4168",1,0.00138882505386538,1.13380800781636,10.9848065791577,0.216609487432288,0.189334293715192
"130_bNAb_Combinations|1342408|vc|1|2|nan|4168",1,0.00138882511222415,0.735520287144795,22.2490951000515,0.216609487432288,0.189334293715192
"130_bNAb_Combinations|1342408|vc|2|2|nan|4168",1,0.00138882511222415,0.73552024517973,22.2490963813913,0.216609487432288,0.189334293715192
"130_bNAb_Combinations|1342408|vc|3|2|nan|4168",1,0.00138882511222415,0.735520197649382,22.2491049772364,0.216609487432288,0.189334293715192
"130_bNAb_Combinations|1342408|vc|4|2|nan|4168",1,0.00138882511222415,0.735520172875155,22.2491070345777,0.216609487432288,0.189334293715192
"130_bNAb_Combinations|1342408|vc|5|2|nan|4168",1,0.00138882511222415,0.735520171680041,22.2490928698345,0.216609487432288,0.189334293715192
"130_bNAb_Combinations|1342408|vc|6|2|nan|4168",1,0.00138882511222415,0.735520188947224,22.249103754926,0.216609487432288,0.189334293715192
"130_bNAb_Combinations|1342408|vc|7|2|nan|4168",1,0.00138882511222415,0.735520237329355,22.2490998209522,0.216609487432288,0.189334293715192
"130_bNAb_Combinations|1342408|vc|8|2|nan|4168",1,0.00138882511222415,0.735520151726114,22.2490882904684,0.216609487432288,0.189334293715192
"704_VRC01_Concordance|1200432|cc|1|1|PVO.4|5024",1,0.00138882511222415,0.735520237937458,22.2491011949955,0.216594842679649,0.189334970610386
"704_VRC01_Concordance|1200432|cc|2|1|PVO.4|5024",1,0.00138882511222415,0.735520261145612,22.2491008828285,0.216594842679649,0.189334970610386
"704_VRC01_Concordance|1200432|cc|3|1|PVO.4|5024",1,0.00138882511222415,0.735520257843975,22.2490996920197,0.216594842679649,0.189334970610386
"704_VRC01_Concordance|1200432|cc|4|1|PVO.4|5024",1,0.00138882511222415,0.735520214593672,22.2490858385745,0.216594842679649,0.189334970610386
"704_VRC01_Concordance|1200432|cc|5|1|PVO.4|5024",1,0.00138882511222415,0.735520287354435,22.2491030910788,0.216594842679649,0.189334970610386
"704_VRC01_Concordance|1200432|cc|6|1|PVO.4|5024",1,0.00138882511222415,0.7355201687881,22.2491026664536,0.216594842679649,0.189334970610386
"704_VRC01_Concordance|1200432|cc|7|1|PVO.4|5024",1,0.00138882511222415,0.735520114825491,22.2490886872335,0.216594842679649,0.189334970610386
"704_VRC01_Concordance|1200432|cc|8|1|PVO.4|5024",1,0.00138882511222415,0.735520259321297,22.2491028865048,0.216594842679649,0.189334970610386
"704_VRC01_Concordance|1200432|sample|10|PVO.4|5024",1,0.00138882505386538,1.50542931937563,1.4111873006486,0.216594842679649,0.189334970610386
"704_VRC01_Concordance|1200432|sample|11|PVO.4|5024",1,0.00138882505386538,1.51616377464907,2.08556706649586,0.216594842679649,0.189334970610386
"704_VRC01_Concordance|1200432|sample|12|PVO.4|5024",1,0.00138882505386538,1.49905542049011,2.46738656179171,0.216594842679649,0.189334970610386
"704_VRC01_Concordance|1200432|sample|3|PVO.4|5024",1,0.00138882505386538,1.60272565617638,2.74431333976793,0.216594842679649,0.189334970610386
"704_VRC01_Concordance|1200432|sample|4|PVO.4|5024",1,0.00138882505386538,1.57506930448656,1.60306751536842,0.216594842679649,0.189334970610386
"704_VRC01_Concordance|1200432|sample|5|PVO.4|5024",1,0.00138882505386538,1.4946560143005,1.50083772462407,0.216594842679649,0.189334970610386
"704_VRC01_Concordance|1200432|sample|6|PVO.4|5024",1,0.00138882505386538,1.34023119765536,1.60948716226036,0.216594842679649,0.189334970610386
"704_VRC01_Concordance|1200432|sample|7|PVO.4|5024",1,0.00138882505386538,1.62732590910693,2.13897370941931,0.216594842679649,0.189334970610386
"704_VRC01_Concordance|1200432|sample|8|PVO.4|5024",1,0.00138882505386538,1.58840457124387,2.05029042710476,0.216594842679649,0.189334970610386
"704_VRC01_Concordance|1200432|sample|9|PVO.4|5024",1,0.00138882505386538,1.4391345667095,1.72946524109394,0.216594842679649,0.189334970610386
"704_VRC01_Concordance|1200432|vc|1|2|PVO.4|5024",1,0.00138882511222415,0.735520205980542,22.2491016711252,0.216594842679649,0.189334970610386
"704_VRC01_Concordance|1200432|vc|2|2|PVO.4|5024",1,0.00138882511222415,0.735520263161907,22.2490820762125,0.216594842679649,0.189334970610386
"704_VRC01_Concordance|1200432|vc|3|2|PVO.4|5024",1,0.00138882511222415,0.735520268175905,22.2490880443067,0.216594842679649,0.189334970610386
"704_VRC01_Concordance|1200432|vc|4|2|PVO.4|5024",1,0.00138882511222415,0.735520058084078,22.2490687975991,0.216594842679649,0.189334970610386
"704_VRC01_Concordance|1200432|vc|5|2|PVO.4|5024",1,0.00138882511222415,0.735520164635743,22.2491093515381,0.216594842679649,0.189334970610386
"704_VRC01_Concordance|1200432|vc|6|2|PVO.4|5024",1,0.00138882511222415,0.735520236744988,22.2490917166593,0.216594842679649,0.189334970610386
"704_VRC01_Concordance|1200432|vc|7|2|PVO.4|5024",1,0.00138882511222415,0.735520141991648,22.2490920301654,0.216594842679649,0.189334970610386
"704_VRC01_Concordance|1200432|vc|8|2|PVO.4|5024",1,0.00138882511222415,0.735520211845745,22.2490989712293,0.216594842679649,0.189334970610386
